Date,Vial #,Day (letter of vial),wildtype,yellow/vermillion,yellow only,vermillion only,wildtype,yellow/vermillion,yellow only,vermillion only,Initials
29-Mar,1,A,5,8,7,10,9,10,7,7,MCS
29-Mar,2,A,5,10,3,4,3,6,1,1,MCS
29-Mar,3,A,8,0,5,7,12,16,8,5,MCS
29-Mar,4,A,10,8,6,5,10,7,5,3,MCS
29-Mar,4,A,3,3,6,1,2,0,1,2,KAP
29-Mar,5,A,4,5,6,6,1,3,2,2,KAP
29-Mar,6,A,10,4,7,11,6,8,5,8,KAP
29-Mar,8,A,8,8,15,3,8,9,3,9,KAP
29-Mar,9,A,2,6,8,7,3,6,8,5,KAP
31-Mar,7,A,4,3,4,4,2,2,1,2,KAP
31-Mar,10,A,7,8,3,7,5,10,7,6,KAP
31-Mar,11,A,3,6,2,5,1,6,3,6,KAP
31-Mar,12,A,2,7,6,9,10,8,8,6,KAP
31-Mar,13,A,13,0,4,6,10,6,7,6,KAP
2-Apr,1,B,7,10,8,4,8,10,7,5,MCS
2-Apr,2,B,5,5,3,4,3,4,4,3,MCS
2-Apr,3,B,4,1,6,7,10,7,8,10,MCS
2-Apr,4,B,12,10,11,5,13,8,10,15,MCS
2-Apr,5,B,13,10,8,11,5,7,6,15,MCS
2-Apr,6,B,12,10,12,6,5,12,5,6,MCS
3-Apr,20,A,3,0,2,2,2,1,4,5,KLM
3-Apr,21,A,9,20,11,10,17,16,13,13,KLM
3-Apr,22,A,11,7,5,6,11,15,13,11,KLM
3-Apr,23,A,2,4,3,3,1,5,4,4,KLM
3-Apr,25,A,7,14,9,6,10,16,8,12,KLM
3-Apr,26,A,8,7,9,8,8,8,9,10,KLM
3-Apr,27,A,16,2,11,5,12,8,10,15,KLM
3-Apr,7,B,14,4,6,9,11,9,10,10,MCS
3-Apr,8,B,8,9,5,4,8,9,10,4,MCS
3-Apr,28,A,3,1,1,1,2,1,4,5,KAP
3-Apr,29,A,1,1,1,0,1,1,0,4,KAP
3-Apr,30,A,8,1,4,1,2,3,8,5,KAP
3-Apr,31,A,0,0,0,0,0,0,0,0,KAP
3-Apr,32,A,3,7,6,8,6,10,11,6,KAP
3-Apr,33,A,1,3,1,0,1,6,1,3,KAP
3-Apr,34,A,1,4,7,4,4,7,2,5,KAP
3-Apr,35,A,4,7,7,5,4,4,3,2,KAP
4-Apr,36,A,11,11,9,9,9,11,9,16,NMC
4-Apr,37,A,4,8,7,7,10,5,7,4,NMC
4-Apr,39,A,4,11,6,6,10,11,12,11,NMC
4-Apr,9,B,13,18,8,10,16,14,10,18,MCS
4-Apr,10,B,8,14,7,10,9,8,4,9,MCS
4-Apr,11,B,10,17,11,8,19,11,14,10,MCS
4-Apr,12,B,3,8,6,13,10,11,5,8,MCS
4-Apr,14,A,0,2,1,6,1,11,3,2,KAP
4-Apr,15,A,8,5,6,6,2,10,5,7,KAP
4-Apr,16,A,7,5,6,11,12,10,7,7,KAP
4-Apr,17,A,4,5,1,6,5,6,7,2,KAP
4-Apr,18,A,5,8,3,3,3,9,4,3,KAP
4-Apr,19,A,5,4,5,9,9,14,9,5,KAP
5-Apr,13,B,7,6,3,4,3,17,8,7,MCS
5-Apr,14,B,5,16,9,10,6,6,5,5,MCS
5-Apr,15,B,2,12,11,5,8,6,4,6,MCS
5-Apr,16,B,13,14,19,22,9,11,14,16,MCS
5-Apr,17,B,5,11,6,8,6,7,4,9,MCS
5-Apr,18,B,18,17,10,13,14,12,15,6,MCS
5-Apr,19,B,4,10,6,8,11,10,7,12,MCS
5-Apr,21,C,7,15,5,14,11,12,11,11,NMC
5-Apr,22,C,18,8,7,11,5,18,7,6,NMC
5-Apr,23,C,8,6,3,8,4,3,5,7,NMC
5-Apr,20,C,9,6,7,6,8,6,10,7,NMC
5-Apr,24,C,0,0,0,0,0,0,0,0,NMC
5-Apr,38,A,0,0,0,0,0,0,0,0,MCS
5-Apr,99,A,0,0,0,0,0,0,0,0,MCS
5-Apr,98,A,0,0,0,0,0,0,0,0,MCS
5-Apr,81,A,0,0,0,0,0,0,0,0,MCS
5-Apr,47,A,0,0,0,0,0,0,0,0,MCS
5-Apr,51,A,0,0,0,0,0,0,0,0,MCS
5-Apr,52,A,0,0,0,0,0,0,0,0,MCS
5-Apr,58,A,0,0,0,0,0,0,0,0,MCS
5-Apr,66,A,0,0,0,0,0,0,0,0,MCS
5-Apr,70,A,0,0,0,0,0,0,0,0,MCS
5-Apr,72,A,0,0,0,0,0,0,0,0,MCS
5-Apr,73,A,0,0,0,0,0,0,0,0,MCS
5-Apr,78,A,0,0,0,0,0,0,0,0,MCS
5-Apr,80,A,0,0,0,0,0,0,0,0,MCS
5-Apr,83,A,0,0,0,0,0,0,0,0,MCS
6-Apr,40,A,4,6,11,5,7,14,9,7,KLM
6-Apr,41,A,1,2,1,1,1,2,5,1,KLM
6-Apr,42,A,7,8,6,7,9,9,2,7,KLM
6-Apr,43,A,1,0,2,2,5,3,5,2,KLM
6-Apr,44,A,15,9,13,10,13,7,11,10,KLM
6-Apr,45,A,5,7,5,2,2,4,3,3,KLM
6-Apr,46,A,8,5,6,2,9,8,6,12,KLM
6-Apr,48,A,2,2,4,5,2,1,1,5,KLM
6-Apr,49,A,5,3,5,9,7,0,6,5,KLM
8-Apr,25,C,1,7,5,5,4,11,9,4,MCS
8-Apr,26,C,1,1,2,1,1,1,2,0,MCS
8-Apr,27,C,5,7,2,8,8,5,5,6,MCS
8-Apr,28,C,0,0,0,0,1,0,1,0,MCS
8-Apr,29,C,1,1,2,2,4,4,4,1,MCS
8-Apr,30,C,1,0,1,0,0,0,1,0,MCS
8-Apr,20,C,0,2,1,1,1,0,1,1,MCS
8-Apr,21,C,2,3,1,0,1,1,0,2,MCS
8-Apr,22,C,1,2,1,0,1,0,3,1,MCS
8-Apr,23,C,0,0,1,1,0,0,0,0,MCS
10-Apr,53,A,4,4,5,3,7,6,8,10,KLM
10-Apr,54,A,6,3,2,2,3,1,1,2,KLM
10-Apr,55,A,4,4,4,2,6,6,4,8,KLM
10-Apr,56,A,8,3,1,9,8,3,5,1,KLM
10-Apr,57,A,9,3,3,7,3,3,2,4,KLM
10-Apr,59,A,7,9,4,7,6,8,5,6,KLM
10-Apr,60,A,6,8,4,4,10,6,7,8,KLM
10-Apr,61,A,6,6,6,10,4,4,7,6,KLM
10-Apr,62,A,7,6,4,6,9,6,9,7,KLM
10-Apr,24,B,0,0,0,0,0,0,0,0,KLM
10-Apr,31,B,0,0,0,0,0,0,0,0,KLM
10-Apr,38,B,0,0,0,0,0,0,0,0,KLM
10-Apr,47,B,0,0,0,0,0,0,0,0,KLM
10-Apr,51,B,0,0,0,0,0,0,0,0,KLM
10-Apr,52,B,0,0,0,0,0,0,0,0,KLM
10-Apr,58,B,0,0,0,0,0,0,0,0,KLM
10-Apr,66,B,0,0,0,0,0,0,0,0,KLM
10-Apr,70,B,0,0,0,0,0,0,0,0,KLM
10-Apr,73,B,0,0,0,0,0,0,0,0,KLM
10-Apr,78,B,0,0,0,0,0,0,0,0,KLM
10-Apr,80,B,0,0,0,0,0,0,0,0,KLM
10-Apr,83,B,0,0,0,0,0,0,0,0,KLM
10-Apr,98,B,0,0,0,0,0,0,0,0,KLM
10-Apr,99,B,0,0,0,0,0,0,0,0,KLM
10-Apr,75,B,0,0,0,0,0,0,0,0,KLM
11-Apr,20,B,11,7,9,9,6,5,7,16,MCS
11-Apr,21,B,14,17,10,11,16,14,10,12,MCS
11-Apr,64,A,2,11,3,4,5,13,9,4,NMC
11-Apr,65,A,6,2,2,0,4,1,2,1,NMC
11-Apr,36,B,2,11,6,9,8,8,6,7,HNT
11-Apr,37,B,9,5,5,3,5,7,4,7,HNT
11-Apr,39,B,5,6,4,3,6,2,7,1,HNT
11-Apr,38,B,0,0,0,0,0,0,0,0,HNT
11-Apr,40,B,4,1,3,2,3,6,6,0,HNT
12-Apr,79,A,3,0,0,2,6,6,3,0,NMC
12-Apr,82,A,3,2,1,4,0,6,2,0,NMC
12-Apr,84,A,3,4,1,4,1,4,4,2,NMC
12-Apr,85,A,0,2,0,3,3,2,1,4,NMC
12-Apr,86,A,1,3,2,0,2,0,1,1,NMC
12-Apr,87,A,1,1,2,5,0,3,3,2,NMC
12-Apr,88,A,6,6,8,5,4,3,9,5,NMC
12-Apr,89,A,1,0,0,2,1,2,1,0,NMC
12-Apr,90,A,4,5,2,1,1,4,2,4,NMC
12-Apr,91,A,0,5,1,4,4,4,0,1,NMC
12-Apr,92,A,0,2,5,0,2,0,0,3,NMC
12-Apr,93,A,2,0,1,1,0,0,1,1,NMC
12-Apr,94,A,1,2,1,3,9,3,7,3,NMC
12-Apr,41,B,1,2,1,1,5,1,3,2,MCS
12-Apr,44,B,5,3,3,6,6,7,7,3,MCS
12-Apr,45,B,6,9,6,10,4,8,6,5,MCS
12-Apr,46,B,2,3,1,3,3,3,4,7,MCS
12-Apr,48,B,1,8,3,7,1,4,6,4,MCS
12-Apr,49,B,2,5,0,2,2,0,0,2,MCS
12-Apr,50,B,3,6,4,5,6,8,5,11,MCS
12-Apr,60,B,0,0,1,3,1,1,0,2,MCS
12-Apr,63,B,3,1,2,1,1,2,5,0,MCS
12-Apr,64,B,2,0,5,4,2,3,0,4,MCS
12-Apr,65,B,3,4,2,0,4,1,1,0,MCS
12-Apr,67,B,1,2,1,2,1,2,0,1,MCS
12-Apr,69,B,1,0,0,2,4,1,2,1,MCS
12-Apr,71,B,2,2,0,5,2,6,2,1,MCS
12-Apr,53,B,-,-,-,-,-,-,-,-,MCS
12-Apr,54,B,-,-,-,-,-,-,-,-,MCS
12-Apr,74,B,-,-,-,-,-,-,-,-,MCS
12-Apr,76,B,-,-,-,-,-,-,-,-,MCS
12-Apr,77,B,-,-,-,-,-,-,-,-,MCS
12-Apr,82,B,-,-,-,-,-,-,-,-,MCS
12-Apr,59,B,-,-,-,-,-,-,-,-,MCS
12-Apr,79,B,-,-,-,-,-,-,-,-,MCS
14-Apr,85,B,7,8,3,4,9,7,3,6,MCS
14-Apr,87,B,7,3,1,1,7,6,6,2,MCS
14-Apr,86,B,-,-,-,-,-,-,-,-,MCS
14-Apr,88,B,-,-,-,-,-,-,-,-,MCS
16-Apr,129,B,1,1,2,3,1,1,0,1,MCS
16-Apr,136,B,1,1,1,1,0,0,1,1,MCS
16-Apr,96,B,3,1,6,2,6,6,4,7,MCS
16-Apr,116,B,8,0,3,4,3,4,3,3,MCS
16-Apr,124,B,4,7,3,5,7,5,4,3,MCS
16-Apr,132,B,5,5,5,8,5,7,7,3,MCS
17-Apr,67,A,4,5,1,4,3,3,4,0,KLM
17-Apr,68,A,4,5,3,6,3,2,4,3,KLM
17-Apr,69,A,1,0,0,4,0,0,0,0,KLM
17-Apr,71,A,6,6,3,7,4,3,4,5,KLM
17-Apr,77,A,5,6,1,7,2,8,4,5,KLM
17-Apr,95,A,3,1,1,1,2,1,1,1,KLM
17-Apr,101,A,1,3,4,3,1,1,0,2,KLM
17-Apr,103,A,2,2,3,4,1,5,4,2,KLM
17-Apr,105,A,7,1,2,6,3,2,4,4,KLM
17-Apr,106,A,0,1,0,0,1,2,0,3,KLM
17-Apr,107,A,5,2,1,1,0,1,1,0,KLM
17-Apr,108,A,1,5,0,1,5,5,3,8,KLM
17-Apr,109,A,0,2,2,0,0,1,4,2,KLM
17-Apr,111,A,7,8,6,2,7,7,7,5,KLM
17-Apr,96,A,-,-,-,-,-,-,-,-,KLM
17-Apr,102,A,-,-,-,-,-,-,-,-,KLM
17-Apr,104,A,-,-,-,-,-,-,-,-,KLM
17-Apr,110,A,-,-,-,-,-,-,-,-,KLM
17-Apr,97,A,-,-,-,-,-,-,-,-,KLM
17-Apr,100,A,-,-,-,-,-,-,-,-,KLM
18-Apr,161,B,6,6,3,3,8,5,4,8,MCS
18-Apr,163,B,6,7,8,9,13,7,12,13,MCS
18-Apr,28,B,7,16,8,15,9,9,21,10,MCS
18-Apr,29,B,0,2,0,0,0,0,0,2,MCS
18-Apr,32,B,0,0,2,0,0,0,1,1,MCS
18-Apr,33,B,0,1,1,2,0,2,0,2,MCS
19-Apr,35,C,1,2,1,0,2,1,2,0,NMC
19-Apr,36,C,4,8,4,2,5,6,5,3,NMC
19-Apr,40,C,0,4,2,0,4,2,3,3,NMC
19-Apr,41,C,0,2,2,2,1,0,2,3,NMC
19-Apr,43,C,2,1,1,0,0,2,3,1,NMC
19-Apr,56,C,0,1,0,3,1,1,1,1,NMC
19-Apr,20,C,-,-,-,-,-,-,-,-,NMC
19-Apr,24,C,0,0,0,0,0,0,0,0,NMC
19-Apr,29,C,0,0,0,0,0,0,0,0,NMC
19-Apr,31,C,0,0,0,0,0,0,0,0,NMC
19-Apr,32,C,0,0,0,0,0,0,0,0,NMC
19-Apr,33,C,0,0,0,0,0,0,0,0,NMC
19-Apr,38,C,0,0,0,0,0,0,0,0,NMC
19-Apr,42,C,0,0,0,0,0,0,0,0,NMC
19-Apr,47,C,0,0,0,0,0,0,0,0,NMC
19-Apr,51,C,0,0,0,0,0,0,0,0,NMC
19-Apr,52,C,0,0,0,0,0,0,0,0,NMC
19-Apr,58,C,0,0,0,0,0,0,0,0,NMC
20-Apr,63,C,1,2,4,2,1,6,5,1,MCS
20-Apr,65,C,2,3,7,1,0,8,10,1,MCS
20-Apr,71,C,2,5,3,3,0,5,1,2,MCS
20-Apr,74,C,0,0,0,0,0,1,0,1,MCS
20-Apr,92,C,3,4,6,6,6,14,7,12,MCS
20-Apr,93,C,-,-,-,-,-,-,-,-,MCS
20-Apr,94,C,-,-,-,-,-,-,-,-,MCS
20-Apr,95,C,-,-,-,-,-,-,-,-,MCS
20-Apr,96,C,-,-,-,-,-,-,-,-,MCS
20-Apr,97,C,-,-,-,-,-,-,-,-,MCS
20-Apr,100,C,-,-,-,-,-,-,-,-,MCS
20-Apr,101,C,-,-,-,-,-,-,-,-,MCS
20-Apr,102,C,-,-,-,-,-,-,-,-,MCS
20-Apr,103,C,-,-,-,-,-,-,-,-,MCS
20-Apr,104,C,-,-,-,-,-,-,-,-,MCS
20-Apr,105,C,-,-,-,-,-,-,-,-,MCS
20-Apr,106,C,-,-,-,-,-,-,-,-,MCS
20-Apr,107,C,-,-,-,-,-,-,-,-,MCS
20-Apr,108,C,-,-,-,-,-,-,-,-,MCS
20-Apr,109,C,-,-,-,-,-,-,-,-,MCS
20-Apr,110,C,-,-,-,-,-,-,-,-,MCS
20-Apr,139,C,-,-,-,-,-,-,-,-,MCS
20-Apr,142,C,-,-,-,-,-,-,-,-,MCS
20-Apr,59,C,-,-,-,-,-,-,-,-,MCS
20-Apr,60,C,-,-,-,-,-,-,-,-,MCS
20-Apr,61,C,-,-,-,-,-,-,-,-,MCS
20-Apr,62,C,-,-,-,-,-,-,-,-,MCS
20-Apr,64,C,-,-,-,-,-,-,-,-,MCS
20-Apr,67,C,-,-,-,-,-,-,-,-,MCS
20-Apr,68,C,-,-,-,-,-,-,-,-,MCS
20-Apr,69,C,-,-,-,-,-,-,-,-,MCS
20-Apr,76,C,-,-,-,-,-,-,-,-,MCS
20-Apr,77,C,-,-,-,-,-,-,-,-,MCS
20-Apr,79,C,-,-,-,-,-,-,-,-,MCS
20-Apr,82,C,-,-,-,-,-,-,-,-,MCS
20-Apr,84,C,-,-,-,-,-,-,-,-,MCS
20-Apr,85,C,-,-,-,-,-,-,-,-,MCS
20-Apr,86,C,-,-,-,-,-,-,-,-,MCS
20-Apr,87,C,-,-,-,-,-,-,-,-,MCS
20-Apr,88,C,-,-,-,-,-,-,-,-,MCS
20-Apr,66,C,-,-,-,-,-,-,-,-,MCS
20-Apr,70,C,-,-,-,-,-,-,-,-,MCS
20-Apr,73,C,-,-,-,-,-,-,-,-,MCS
20-Apr,75,C,-,-,-,-,-,-,-,-,MCS
20-Apr,78,C,-,-,-,-,-,-,-,-,MCS
20-Apr,80,C,-,-,-,-,-,-,-,-,MCS
20-Apr,83,C,-,-,-,-,-,-,-,-,MCS
20-Apr,98,C,-,-,-,-,-,-,-,-,MCS
20-Apr,99,C,-,-,-,-,-,-,-,-,MCS
20-Apr,91,C,-,-,-,-,-,-,-,-,MCS
23-Apr,113,C,2,6,4,4,9,9,11,4,MCS
23-Apr,115,C,4,8,2,8,9,16,7,3,MCS
24-Apr,129,C,8,8,3,6,3,5,9,11,MCS
24-Apr,131,C,4,0,3,4,0,3,1,3,MCS
24-Apr,135,C,2,6,4,2,1,10,3,7,MCS
24-Apr,138,C,6,4,5,5,1,2,9,6,MCS
24-Apr,141,C,4,1,6,2,2,3,1,4,MCS
24-Apr,158,C,5,4,3,6,4,5,4,7,MCS
24-Apr,163,C,7,1,4,6,1,3,6,6,MCS
24-Apr,21,C,0,1,0,2,5,0,0,0,MCS
25-Apr,20,D,9,8,10,7,3,0,18,2,HNT
25-Apr,26,D,8,2,1,4,23,4,7,3,AKT
25-Apr,23,D,17,13,12,8,19,2,12,0,HNT
25-Apr,29,D,9,10,7,5,16,6,0,0,HNT
25-Apr,114,A,2,2,2,4,2,4,2,4,HNT
25-Apr,115,A,2,3,2,0,2,4,1,2,HNT
25-Apr,112,A,-,-,-,-,-,-,-,-,HNT
25-Apr,113,A,-,-,-,-,-,-,-,-,HNT
28-Apr,117,A,2,1,0,1,1,3,1,0,KAP
28-Apr,118,A,6,7,4,3,3,2,1,1,KAP
28-Apr,121,A,0,1,0,2,0,0,0,0,KAP
28-Apr,130,A,0,1,1,2,1,0,0,1,KAP
28-Apr,137,A,0,1,2,1,1,2,1,1,KAP
28-Apr,42,B,0,1,1,0,4,2,2,5,KAP
28-Apr,61,B,0,0,0,0,1,1,1,0,KAP
28-Apr,90,B,9,7,0,4,0,0,0,0,KAP
28-Apr,94,B,2,0,1,4,1,0,1,0,KAP
28-Apr,31,D,0,0,0,0,0,0,0,0,KAP
28-Apr,33,D,0,0,0,0,0,0,0,0,KAP
28-Apr,38,D,0,0,0,0,0,0,0,0,KAP
28-Apr,26,D,0,0,0,0,0,0,0,0,HNT
28-Apr,116,A,-,-,-,-,-,-,-,-,KAP
28-Apr,124,A,-,-,-,-,-,-,-,-,KAP
28-Apr,126,A,-,-,-,-,-,-,-,-,KAP
28-Apr,125,A,-,-,-,-,-,-,-,-,KAP
28-Apr,128,A,-,-,-,-,-,-,-,-,KAP
28-Apr,129,A,-,-,-,-,-,-,-,-,KAP
28-Apr,55,B,-,-,-,-,-,-,-,-,KAP
28-Apr,30,D,-,-,-,-,-,-,-,-,KAP
28-Apr,40,D,-,-,-,-,-,-,-,-,KAP
28-Apr,43,D,-,-,-,-,-,-,-,-,KAP
28-Apr,44,D,-,-,-,-,-,-,-,-,KAP
28-Apr,45,D,-,-,-,-,-,-,-,-,KAP
28-Apr,46,D,-,-,-,-,-,-,-,-,KAP
28-Apr,48,D,-,-,-,-,-,-,-,-,KAP
28-Apr,49,D,-,-,-,-,-,-,-,-,KAP
28-Apr,50,D,-,-,-,-,-,-,-,-,KAP
28-Apr,55,D,-,-,-,-,-,-,-,-,KAP
28-Apr,56,D,-,-,-,-,-,-,-,-,KAP
28-Apr,53,D,-,-,-,-,-,-,-,-,KAP
28-Apr,54,D,-,-,-,-,-,-,-,-,KAP
28-Apr,57,D,-,-,-,-,-,-,-,-,KAP
28-Apr,59,D,-,-,-,-,-,-,-,-,KAP
28-Apr,60,D,-,-,-,-,-,-,-,-,KAP
28-Apr,62,D,-,-,-,-,-,-,-,-,KAP
28-Apr,63,D,-,-,-,-,-,-,-,-,KAP
28-Apr,64,D,-,-,-,-,-,-,-,-,KAP
28-Apr,65,D,-,-,-,-,-,-,-,-,KAP
28-Apr,69,D,-,-,-,-,-,-,-,-,KAP
28-Apr,71,D,-,-,-,-,-,-,-,-,KAP
28-Apr,74,D,-,-,-,-,-,-,-,-,KAP
28-Apr,76,D,-,-,-,-,-,-,-,-,KAP
28-Apr,77,D,-,-,-,-,-,-,-,-,KAP
28-Apr,84,D,-,-,-,-,-,-,-,-,KAP
28-Apr,86,D,-,-,-,-,-,-,-,-,KAP
28-Apr,87,D,-,-,-,-,-,-,-,-,KAP
28-Apr,95,D,-,-,-,-,-,-,-,-,KAP
28-Apr,101,D,-,-,-,-,-,-,-,-,KAP
28-Apr,103,D,-,-,-,-,-,-,-,-,KAP
28-Apr,106,D,-,-,-,-,-,-,-,-,KAP
28-Apr,108,D,-,-,-,-,-,-,-,-,KAP
28-Apr,111,D,-,-,-,-,-,-,-,-,KAP
28-Apr,112,D,-,-,-,-,-,-,-,-,KAP
28-Apr,130,D,-,-,-,-,-,-,-,-,KAP
28-Apr,136,D,-,-,-,-,-,-,-,-,KAP
28-Apr,152,D,-,-,-,-,-,-,-,-,KAP
28-Apr,82,D,-,-,-,-,-,-,-,-,KAP
28-Apr,88,D,-,-,-,-,-,-,-,-,KAP
28-Apr,91,D,-,-,-,-,-,-,-,-,KAP
28-Apr,92,D,-,-,-,-,-,-,-,-,KAP
28-Apr,104,D,-,-,-,-,-,-,-,-,KAP
28-Apr,105,D,-,-,-,-,-,-,-,-,KAP
28-Apr,107,D,-,-,-,-,-,-,-,-,KAP
28-Apr,109,D,-,-,-,-,-,-,-,-,KAP
28-Apr,110,D,-,-,-,-,-,-,-,-,KAP
28-Apr,93,D,-,-,-,-,-,-,-,-,KAP
28-Apr,94,D,-,-,-,-,-,-,-,-,KAP
28-Apr,97,D,-,-,-,-,-,-,-,-,KAP
28-Apr,100,D,-,-,-,-,-,-,-,-,KAP
28-Apr,132,A,-,-,-,-,-,-,-,-,KAP
28-Apr,119,A,-,-,-,-,-,-,-,-,KAP
28-Apr,122,A,-,-,-,-,-,-,-,-,KAP
28-Apr,123,A,-,-,-,-,-,-,-,-,KAP
28-Apr,127,A,-,-,-,-,-,-,-,-,KAP
28-Apr,133,A,-,-,-,-,-,-,-,-,KAP
28-Apr,135,A,-,-,-,-,-,-,-,-,KAP
28-Apr,136,A,-,-,-,-,-,-,-,-,KAP
28-Apr,138,A,-,-,-,-,-,-,-,-,KAP
28-Apr,139,A,-,-,-,-,-,-,-,-,KAP
28-Apr,120,A,-,-,-,-,-,-,-,-,KAP
28-Apr,131,A,-,-,-,-,-,-,-,-,KAP
28-Apr,134,A,-,-,-,-,-,-,-,-,KAP
28-Apr,34,B,-,-,-,-,-,-,-,-,KAP
28-Apr,36,B,-,-,-,-,-,-,-,-,KAP
28-Apr,43,B,-,-,-,-,-,-,-,-,KAP
28-Apr,56,B,-,-,-,-,-,-,-,-,KAP
28-Apr,62,B,-,-,-,-,-,-,-,-,KAP
28-Apr,68,B,-,-,-,-,-,-,-,-,KAP
28-Apr,100,B,-,-,-,-,-,-,-,-,KAP
28-Apr,22,B,-,-,-,-,-,-,-,-,KAP
28-Apr,23,B,-,-,-,-,-,-,-,-,KAP
28-Apr,30,B,-,-,-,-,-,-,-,-,KAP
28-Apr,25,B,-,-,-,-,-,-,-,-,KAP
28-Apr,26,B,-,-,-,-,-,-,-,-,KAP
28-Apr,27,B,-,-,-,-,-,-,-,-,KAP
28-Apr,35,B,-,-,-,-,-,-,-,-,KAP
28-Apr,37,B,-,-,-,-,-,-,-,-,KAP
28-Apr,90,B,-,-,-,-,-,-,-,-,KAP
28-Apr,107,B,-,-,-,-,-,-,-,-,KAP
28-Apr,115,B,-,-,-,-,-,-,-,-,KAP
28-Apr,57,B,-,-,-,-,-,-,-,-,KAP
28-Apr,21,D,-,-,-,-,-,-,-,-,KAP
28-Apr,22,D,-,-,-,-,-,-,-,-,KAP
28-Apr,25,D,-,-,-,-,-,-,-,-,KAP
28-Apr,27,D,-,-,-,-,-,-,-,-,KAP
28-Apr,28,D,-,-,-,-,-,-,-,-,KAP
28-Apr,32,D,-,-,-,-,-,-,-,-,KAP
28-Apr,34,D,-,-,-,-,-,-,-,-,KAP
28-Apr,36,D,-,-,-,-,-,-,-,-,KAP
28-Apr,37,D,-,-,-,-,-,-,-,-,KAP
28-Apr,39,D,-,-,-,-,-,-,-,-,KAP
28-Apr,42,D,0,0,0,0,0,0,0,0,KAP
28-Apr,47,D,0,0,0,0,0,0,0,0,KAP
28-Apr,51,D,0,0,0,0,0,0,0,0,KAP
28-Apr,58,D,0,0,0,0,0,0,0,0,KAP
28-Apr,66,D,0,0,0,0,0,0,0,0,KAP
28-Apr,70,D,0,0,0,0,0,0,0,0,KAP
28-Apr,73,D,0,0,0,0,0,0,0,0,KAP
28-Apr,75,D,0,0,0,0,0,0,0,0,KAP
28-Apr,78,D,0,0,0,0,0,0,0,0,KAP
28-Apr,80,D,0,0,0,0,0,0,0,0,KAP
28-Apr,83,D,0,0,0,0,0,0,0,0,KAP
28-Apr,98,D,0,0,0,0,0,0,0,0,KAP
28-Apr,99,D,0,0,0,0,0,0,0,0,KAP
28-Apr,8,E,-,-,-,-,-,-,-,-,KAP
28-Apr,9,E,-,-,-,-,-,-,-,-,KAP
28-Apr,12,E,-,-,-,-,-,-,-,-,KAP
28-Apr,14,E,-,-,-,-,-,-,-,-,KAP
28-Apr,15,E,-,-,-,-,-,-,-,-,KAP
28-Apr,16,E,-,-,-,-,-,-,-,-,KAP
28-Apr,17,E,-,-,-,-,-,-,-,-,KAP
28-Apr,19,E,-,-,-,-,-,-,-,-,KAP
28-Apr,21,E,-,-,-,-,-,-,-,-,KAP
28-Apr,22,E,-,-,-,-,-,-,-,-,KAP
28-Apr,25,E,-,-,-,-,-,-,-,-,KAP
28-Apr,18,E,-,-,-,-,-,-,-,-,KAP
28-Apr,30,E,-,-,-,-,-,-,-,-,KAP
28-Apr,32,E,-,-,-,-,-,-,-,-,KAP
28-Apr,34,E,-,-,-,-,-,-,-,-,KAP
28-Apr,35,E,-,-,-,-,-,-,-,-,KAP
28-Apr,56,E,-,-,-,-,-,-,-,-,KAP
28-Apr,60,E,-,-,-,-,-,-,-,-,KAP
28-Apr,62,E,-,-,-,-,-,-,-,-,KAP
28-Apr,53,E,-,-,-,-,-,-,-,-,KAP
28-Apr,43,E,-,-,-,-,-,-,-,-,KAP
28-Apr,24,E,0,0,0,0,0,0,0,0,KAP
28-Apr,31,E,0,0,0,0,0,0,0,0,KAP
28-Apr,33,E,0,0,0,0,0,0,0,0,KAP
28-Apr,38,E,0,0,0,0,0,0,0,0,KAP
28-Apr,41,E,0,0,0,0,0,0,0,0,KAP
28-Apr,42,E,0,0,0,0,0,0,0,0,KAP
28-Apr,47,E,0,0,0,0,0,0,0,0,KAP
28-Apr,51,E,0,0,0,0,0,0,0,0,KAP
28-Apr,70,E,0,0,0,0,0,0,0,0,KAP
28-Apr,73,E,0,0,0,0,0,0,0,0,KAP
28-Apr,75,E,0,0,0,0,0,0,0,0,KAP
28-Apr,78,E,0,0,0,0,0,0,0,0,KAP
28-Apr,80,E,0,0,0,0,0,0,0,0,KAP
28-Apr,83,E,0,0,0,0,0,0,0,0,KAP
28-Apr,98,E,0,0,0,0,0,0,0,0,KAP
28-Apr,99,E,0,0,0,0,0,0,0,0,KAP
28-Apr,58,E,0,0,0,0,0,0,0,0,KAP
29-Apr,141,A,1,1,0,2,0,0,0,0,KAP
29-Apr,154,A,1,0,0,2,2,2,0,1,KAP
29-Apr,155,A,2,1,0,0,0,0,0,0,KAP
29-Apr,156,A,1,3,1,2,0,1,0,0,KAP
29-Apr,161,A,11,5,2,2,7,1,4,4,KAP
29-Apr,162,A,0,0,1,0,0,0,0,0,KAP
29-Apr,163,A,0,0,0,0,0,1,0,0,KAP
29-Apr,164,A,4,2,2,0,2,3,3,4,KAP
29-Apr,142,A,-,-,-,-,-,-,-,-,KAP
29-Apr,145,A,-,-,-,-,-,-,-,-,KAP
29-Apr,146,A,-,-,-,-,-,-,-,-,KAP
29-Apr,157,A,-,-,-,-,-,-,-,-,KAP
29-Apr,158,A,-,-,-,-,-,-,-,-,KAP
29-Apr,140,A,-,-,-,-,-,-,-,-,KAP
29-Apr,143,A,-,-,-,-,-,-,-,-,KAP
29-Apr,144,A,-,-,-,-,-,-,-,-,KAP
29-Apr,147,A,-,-,-,-,-,-,-,-,KAP
29-Apr,148,A,-,-,-,-,-,-,-,-,KAP
29-Apr,149,A,-,-,-,-,-,-,-,-,KAP
29-Apr,150,A,-,-,-,-,-,-,-,-,KAP
29-Apr,151,A,-,-,-,-,-,-,-,-,KAP
29-Apr,152,A,-,-,-,-,-,-,-,-,KAP
29-Apr,159,A,-,-,-,-,-,-,-,-,KAP
29-Apr,160,A,-,-,-,-,-,-,-,-,KAP
29-Apr,153,A,-,-,-,-,-,-,-,-,KAP
29-Apr,24,F,0,0,0,0,0,0,0,0,KAP
29-Apr,31,F,0,0,0,0,0,0,0,0,KAP
29-Apr,33,F,0,0,0,0,0,0,0,0,KAP
29-Apr,38,F,0,0,0,0,0,0,0,0,KAP
29-Apr,42,F,0,0,0,0,0,0,0,0,KAP
29-Apr,47,F,0,0,0,0,0,0,0,0,KAP
29-Apr,51,F,0,0,0,0,0,0,0,0,KAP
29-Apr,58,F,0,0,0,0,0,0,0,0,KAP
29-Apr,70,F,0,0,0,0,0,0,0,0,KAP
29-Apr,78,F,0,0,0,0,0,0,0,0,KAP
29-Apr,73,F,0,0,0,0,0,0,0,0,KAP
29-Apr,75,F,0,0,0,0,0,0,0,0,KAP
29-Apr,83,F,0,0,0,0,0,0,0,0,KAP
29-Apr,98,F,0,0,0,0,0,0,0,0,KAP
29-Apr,99,F,0,0,0,0,0,0,0,0,KAP
29-Apr,156,F,0,0,0,0,0,0,0,0,KAP
29-Apr,120,F,0,0,0,0,0,0,0,0,KAP
29-Apr,80,F,0,0,0,0,0,0,0,0,KAP
29-Apr,1,F,-,-,-,-,-,-,-,-,KAP
29-Apr,2,F,-,-,-,-,-,-,-,-,KAP
29-Apr,3,F,-,-,-,-,-,-,-,-,KAP
29-Apr,4,F,-,-,-,-,-,-,-,-,KAP
29-Apr,5,F,-,-,-,-,-,-,-,-,KAP
29-Apr,6,F,-,-,-,-,-,-,-,-,KAP
29-Apr,7,F,-,-,-,-,-,-,-,-,KAP
29-Apr,8,F,-,-,-,-,-,-,-,-,KAP
29-Apr,9,F,-,-,-,-,-,-,-,-,KAP
29-Apr,10,F,-,-,-,-,-,-,-,-,KAP
29-Apr,11,F,-,-,-,-,-,-,-,-,KAP
29-Apr,12,F,-,-,-,-,-,-,-,-,KAP
29-Apr,13,F,-,-,-,-,-,-,-,-,KAP
29-Apr,14,F,-,-,-,-,-,-,-,-,KAP
29-Apr,15,F,-,-,-,-,-,-,-,-,KAP
29-Apr,16,F,-,-,-,-,-,-,-,-,KAP
29-Apr,17,F,-,-,-,-,-,-,-,-,KAP
29-Apr,18,F,-,-,-,-,-,-,-,-,KAP
29-Apr,19,F,-,-,-,-,-,-,-,-,KAP
29-Apr,20,F,-,-,-,-,-,-,-,-,KAP
29-Apr,21,F,-,-,-,-,-,-,-,-,KAP
29-Apr,22,F,-,-,-,-,-,-,-,-,KAP
29-Apr,23,F,-,-,-,-,-,-,-,-,KAP
29-Apr,25,F,-,-,-,-,-,-,-,-,KAP
29-Apr,26,F,-,-,-,-,-,-,-,-,KAP
29-Apr,27,F,-,-,-,-,-,-,-,-,KAP
29-Apr,28,F,-,-,-,-,-,-,-,-,KAP
29-Apr,29,F,-,-,-,-,-,-,-,-,KAP
29-Apr,30,F,-,-,-,-,-,-,-,-,KAP
29-Apr,32,F,-,-,-,-,-,-,-,-,KAP
29-Apr,34,F,-,-,-,-,-,-,-,-,KAP
29-Apr,35,F,-,-,-,-,-,-,-,-,KAP
29-Apr,36,F,-,-,-,-,-,-,-,-,KAP
29-Apr,39,F,-,-,-,-,-,-,-,-,KAP
29-Apr,40,F,-,-,-,-,-,-,-,-,KAP
29-Apr,41,F,-,-,-,-,-,-,-,-,KAP
29-Apr,43,F,-,-,-,-,-,-,-,-,KAP
29-Apr,44,F,-,-,-,-,-,-,-,-,KAP
29-Apr,45,F,-,-,-,-,-,-,-,-,KAP
29-Apr,46,F,-,-,-,-,-,-,-,-,KAP
29-Apr,48,F,-,-,-,-,-,-,-,-,KAP
29-Apr,49,F,-,-,-,-,-,-,-,-,KAP
29-Apr,50,F,-,-,-,-,-,-,-,-,KAP
29-Apr,53,F,-,-,-,-,-,-,-,-,KAP
29-Apr,54,F,-,-,-,-,-,-,-,-,KAP
29-Apr,55,F,-,-,-,-,-,-,-,-,KAP
29-Apr,56,F,-,-,-,-,-,-,-,-,KAP
29-Apr,57,F,-,-,-,-,-,-,-,-,KAP
29-Apr,59,F,-,-,-,-,-,-,-,-,KAP
29-Apr,60,F,-,-,-,-,-,-,-,-,KAP
29-Apr,61,F,-,-,-,-,-,-,-,-,KAP
29-Apr,62,F,-,-,-,-,-,-,-,-,KAP
29-Apr,63,F,-,-,-,-,-,-,-,-,KAP
29-Apr,64,F,-,-,-,-,-,-,-,-,KAP
29-Apr,65,F,-,-,-,-,-,-,-,-,KAP
29-Apr,66,F,-,-,-,-,-,-,-,-,KAP
29-Apr,67,F,-,-,-,-,-,-,-,-,KAP
29-Apr,68,F,-,-,-,-,-,-,-,-,KAP
29-Apr,69,F,-,-,-,-,-,-,-,-,KAP
29-Apr,71,F,-,-,-,-,-,-,-,-,KAP
29-Apr,74,F,-,-,-,-,-,-,-,-,KAP
29-Apr,76,F,-,-,-,-,-,-,-,-,KAP
29-Apr,82,F,-,-,-,-,-,-,-,-,KAP
29-Apr,84,F,-,-,-,-,-,-,-,-,KAP
29-Apr,85,F,-,-,-,-,-,-,-,-,KAP
29-Apr,87,F,-,-,-,-,-,-,-,-,KAP
29-Apr,88,F,-,-,-,-,-,-,-,-,KAP
30-Apr,35,D,0,0,0,0,0,0,1,0,HNT
30-Apr,61,D,4,2,8,1,9,0,17,0,HNT
30-Apr,67,D,4,29,8,3,13,0,28,0,HNT
30-Apr,68,D,8,11,5,15,23,0,24,0,HNT
30-Apr,76,D,0,10,8,1,6,0,25,1,HNT
30-Apr,79,D,1,21,12,5,30,0,6,23,HNT
30-Apr,85,D,1,7,1,15,15,0,22,0,HNT
30-Apr,96,D,1,8,3,5,12,17,0,16,HNT
30-Apr,102,D,0,13,19,0,0,0,24,0,HNT
30-Apr,114,D,0,1,2,0,5,0,0,0,HNT
30-Apr,116,D,0,3,5,0,4,0,3,4,HNT
30-Apr,118,D,5,7,3,5,8,3,6,7,HNT
30-Apr,119,D,0,0,0,0,0,0,1,0,HNT
30-Apr,113,D,-,-,-,-,-,-,-,-,HNT
30-Apr,115,D,-,-,-,-,-,-,-,-,HNT
30-Apr,118,D,-,-,-,-,-,-,-,-,HNT
4-May,106,B,0,0,0,0,2,0,0,1,MCS
4-May,110,B,0,0,0,0,2,0,0,1,MCS
4-May,112,B,0,0,0,1,0,0,1,3,MCS
4-May,113,B,5,17,3,7,6,2,0,1,MCS
4-May,114,B,0,0,0,1,1,1,0,0,MCS
4-May,118,B,1,1,1,0,5,0,1,0,MCS
4-May,120,B,3,0,2,1,4,1,1,2,MCS
4-May,121,B,0,0,0,1,1,0,1,5,MCS
4-May,123,B,4,7,2,8,8,1,15,0,MCS
4-May,125,B,6,4,2,7,15,0,3,4,MCS
4-May,126,B,0,0,0,0,6,0,0,3,MCS
4-May,127,B,0,2,1,1,5,0,0,0,MCS
4-May,128,B,0,0,0,1,0,1,0,1,MCS
4-May,130,B,10,2,4,6,10,0,1,0,MCS
4-May,104,B,0,0,1,0,1,0,0,2,MCS
4-May,131,B,2,8,2,7,12,0,0,1,MCS
4-May,148,B,0,0,0,0,0,0,1,1,MCS
4-May,149,B,0,2,0,0,0,1,0,2,MCS
4-May,153,B,0,1,0,0,0,0,0,0,MCS
4-May,154,B,0,0,0,0,0,3,2,0,MCS
4-May,155,B,0,0,1,0,1,0,0,0,MCS
4-May,158,B,2,3,0,3,1,0,0,0,MCS
4-May,159,B,0,1,1,0,2,0,1,1,MCS
4-May,102,B,-,-,-,-,-,-,-,-,MCS
4-May,109,B,-,-,-,-,-,-,-,-,MCS
4-May,111,B,-,-,-,-,-,-,-,-,MCS
4-May,117,B,-,-,-,-,-,-,-,-,MCS
4-May,119,B,-,-,-,-,-,-,-,-,MCS
4-May,122,B,-,-,-,-,-,-,-,-,MCS
4-May,141,B,-,-,-,-,-,-,-,-,MCS
4-May,144,B,-,-,-,-,-,-,-,-,MCS
4-May,145,B,-,-,-,-,-,-,-,-,MCS
4-May,150,B,-,-,-,-,-,-,-,-,MCS
4-May,146,B,-,-,-,-,-,-,-,-,MCS
4-May,152,B,-,-,-,-,-,-,-,-,MCS
4-May,156,B,-,-,-,-,-,-,-,-,MCS
4-May,157,B,-,-,-,-,-,-,-,-,MCS
4-May,164,B,-,-,-,-,-,-,-,-,MCS
4-May,22,C,-,-,-,-,-,-,-,-,MCS
4-May,26,C,-,-,-,-,-,-,-,-,MCS
4-May,37,C,-,-,-,-,-,-,-,-,MCS
4-May,44,C,-,-,-,-,-,-,-,-,MCS
4-May,45,C,-,-,-,-,-,-,-,-,MCS
4-May,48,C,-,-,-,-,-,-,-,-,MCS
4-May,49,C,-,-,-,-,-,-,-,-,MCS
4-May,53,C,-,-,-,-,-,-,-,-,MCS
4-May,54,C,-,-,-,-,-,-,-,-,MCS
4-May,55,C,-,-,-,-,-,-,-,-,MCS
4-May,57,C,-,-,-,-,-,-,-,-,MCS
4-May,111,C,-,-,-,-,-,-,-,-,MCS
4-May,112,C,-,-,-,-,-,-,-,-,MCS
4-May,114,C,-,-,-,-,-,-,-,-,MCS
4-May,117,C,-,-,-,-,-,-,-,-,MCS
4-May,118,C,-,-,-,-,-,-,-,-,MCS
4-May,120,C,-,-,-,-,-,-,-,-,MCS
4-May,121,C,-,-,-,-,-,-,-,-,MCS
4-May,123,C,-,-,-,-,-,-,-,-,MCS
4-May,127,C,-,-,-,-,-,-,-,-,MCS
4-May,128,C,-,-,-,-,-,-,-,-,MCS
4-May,130,C,-,-,-,-,-,-,-,-,MCS
4-May,132,C,-,-,-,-,-,-,-,-,MCS
4-May,133,C,-,-,-,-,-,-,-,-,MCS
4-May,134,C,-,-,-,-,-,-,-,-,MCS
4-May,136,C,-,-,-,-,-,-,-,-,MCS
4-May,140,C,-,-,-,-,-,-,-,-,MCS
4-May,143,C,-,-,-,-,-,-,-,-,MCS
4-May,144,C,-,-,-,-,-,-,-,-,MCS
4-May,145,C,-,-,-,-,-,-,-,-,MCS
4-May,146,C,-,-,-,-,-,-,-,-,MCS
4-May,147,C,-,-,-,-,-,-,-,-,MCS
4-May,148,C,-,-,-,-,-,-,-,-,MCS
4-May,152,C,-,-,-,-,-,-,-,-,MCS
4-May,154,C,-,-,-,-,-,-,-,-,MCS
4-May,155,C,-,-,-,-,-,-,-,-,MCS
4-May,156,C,-,-,-,-,-,-,-,-,MCS
4-May,150,C,-,-,-,-,-,-,-,-,MCS
4-May,151,C,-,-,-,-,-,-,-,-,MCS
4-May,153,C,-,-,-,-,-,-,-,-,MCS
4-May,162,C,-,-,-,-,-,-,-,-,MCS
4-May,23,C,-,-,-,-,-,-,-,-,MCS
4-May,25,C,-,-,-,-,-,-,-,-,MCS
4-May,27,C,-,-,-,-,-,-,-,-,MCS
4-May,28,C,-,-,-,-,-,-,-,-,MCS
4-May,39,C,-,-,-,-,-,-,-,-,MCS
4-May,46,C,-,-,-,-,-,-,-,-,MCS
4-May,50,C,-,-,-,-,-,-,-,-,MCS
4-May,116,C,-,-,-,-,-,-,-,-,MCS
4-May,119,C,-,-,-,-,-,-,-,-,MCS
4-May,124,C,-,-,-,-,-,-,-,-,MCS
4-May,125,C,-,-,-,-,-,-,-,-,MCS
4-May,126,C,-,-,-,-,-,-,-,-,MCS
4-May,30,C,-,-,-,-,-,-,-,-,MCS
4-May,34,C,-,-,-,-,-,-,-,-,MCS
4-May,137,C,-,-,-,-,-,-,-,-,MCS
4-May,113,C,-,-,-,-,-,-,-,-,MCS
4-May,115,C,-,-,-,-,-,-,-,-,MCS
4-May,46,C,-,-,-,-,-,-,-,-,MCS
4-May,44,C,-,-,-,-,-,-,-,-,MCS
4-May,129,D,-,-,-,-,-,-,-,-,MCS
4-May,132,D,-,-,-,-,-,-,-,-,MCS
4-May,139,D,-,-,-,-,-,-,-,-,MCS
4-May,140,D,-,-,-,-,-,-,-,-,MCS
4-May,145,D,-,-,-,-,-,-,-,-,MCS
4-May,146,D,-,-,-,-,-,-,-,-,MCS
4-May,147,D,-,-,-,-,-,-,-,-,MCS
4-May,148,D,-,-,-,-,-,-,-,-,MCS
4-May,157,D,-,-,-,-,-,-,-,-,MCS
4-May,159,D,-,-,-,-,-,-,-,-,MCS
4-May,162,D,-,-,-,-,-,-,-,-,MCS
4-May,164,D,-,-,-,-,-,-,-,-,MCS
4-May,120,D,-,-,-,-,-,-,-,-,MCS
4-May,122,D,-,-,-,-,-,-,-,-,MCS
4-May,123,D,-,-,-,-,-,-,-,-,MCS
4-May,124,D,-,-,-,-,-,-,-,-,MCS
4-May,125,D,-,-,-,-,-,-,-,-,MCS
4-May,127,D,-,-,-,-,-,-,-,-,MCS
4-May,131,D,-,-,-,-,-,-,-,-,MCS
4-May,133,D,-,-,-,-,-,-,-,-,MCS
4-May,134,D,-,-,-,-,-,-,-,-,MCS
4-May,135,D,-,-,-,-,-,-,-,-,MCS
4-May,137,D,-,-,-,-,-,-,-,-,MCS
4-May,138,D,-,-,-,-,-,-,-,-,MCS
4-May,141,D,-,-,-,-,-,-,-,-,MCS
4-May,142,D,-,-,-,-,-,-,-,-,MCS
4-May,143,D,-,-,-,-,-,-,-,-,MCS
4-May,144,D,-,-,-,-,-,-,-,-,MCS
4-May,149,D,-,-,-,-,-,-,-,-,MCS
4-May,150,D,-,-,-,-,-,-,-,-,MCS
4-May,151,D,-,-,-,-,-,-,-,-,MCS
4-May,153,D,-,-,-,-,-,-,-,-,MCS
4-May,154,D,-,-,-,-,-,-,-,-,MCS
4-May,155,D,-,-,-,-,-,-,-,-,MCS
4-May,156,D,-,-,-,-,-,-,-,-,MCS
4-May,158,D,-,-,-,-,-,-,-,-,MCS
4-May,161,D,-,-,-,-,-,-,-,-,MCS
4-May,163,D,-,-,-,-,-,-,-,-,MCS
4-May,63,E,-,-,-,-,-,-,-,-,MCS
4-May,65,E,-,-,-,-,-,-,-,-,MCS
4-May,67,E,-,-,-,-,-,-,-,-,MCS
4-May,68,E,-,-,-,-,-,-,-,-,MCS
4-May,69,E,-,-,-,-,-,-,-,-,MCS
4-May,71,E,-,-,-,-,-,-,-,-,MCS
4-May,74,E,-,-,-,-,-,-,-,-,MCS
4-May,76,E,-,-,-,-,-,-,-,-,MCS
4-May,77,E,-,-,-,-,-,-,-,-,MCS
4-May,79,E,-,-,-,-,-,-,-,-,MCS
4-May,82,E,-,-,-,-,-,-,-,-,MCS
4-May,85,E,-,-,-,-,-,-,-,-,MCS
4-May,86,E,-,-,-,-,-,-,-,-,MCS
4-May,87,E,-,-,-,-,-,-,-,-,MCS
4-May,88,E,-,-,-,-,-,-,-,-,MCS
4-May,90,E,-,-,-,-,-,-,-,-,MCS
4-May,91,E,-,-,-,-,-,-,-,-,MCS
4-May,92,E,-,-,-,-,-,-,-,-,MCS
4-May,93,E,-,-,-,-,-,-,-,-,MCS
4-May,94,E,-,-,-,-,-,-,-,-,MCS
4-May,95,E,-,-,-,-,-,-,-,-,MCS
4-May,96,E,-,-,-,-,-,-,-,-,MCS
4-May,100,E,-,-,-,-,-,-,-,-,MCS
4-May,101,E,-,-,-,-,-,-,-,-,MCS
4-May,102,E,-,-,-,-,-,-,-,-,MCS
4-May,103,E,-,-,-,-,-,-,-,-,MCS
4-May,104,E,-,-,-,-,-,-,-,-,MCS
4-May,105,E,-,-,-,-,-,-,-,-,MCS
4-May,106,E,-,-,-,-,-,-,-,-,MCS
4-May,107,E,-,-,-,-,-,-,-,-,MCS
4-May,108,E,-,-,-,-,-,-,-,-,MCS
4-May,109,E,-,-,-,-,-,-,-,-,MCS
4-May,110,E,-,-,-,-,-,-,-,-,MCS
4-May,111,E,-,-,-,-,-,-,-,-,MCS
4-May,112,E,-,-,-,-,-,-,-,-,MCS
4-May,113,E,-,-,-,-,-,-,-,-,MCS
4-May,114,E,-,-,-,-,-,-,-,-,MCS
4-May,116,E,-,-,-,-,-,-,-,-,MCS
4-May,117,E,-,-,-,-,-,-,-,-,MCS
4-May,119,E,-,-,-,-,-,-,-,-,MCS
4-May,122,E,-,-,-,-,-,-,-,-,MCS
4-May,123,E,-,-,-,-,-,-,-,-,MCS
4-May,124,E,-,-,-,-,-,-,-,-,MCS
4-May,126,E,-,-,-,-,-,-,-,-,MCS
4-May,127,E,-,-,-,-,-,-,-,-,MCS
4-May,128,E,-,-,-,-,-,-,-,-,MCS
4-May,130,E,-,-,-,-,-,-,-,-,MCS
4-May,131,E,-,-,-,-,-,-,-,-,MCS
4-May,132,E,-,-,-,-,-,-,-,-,MCS
4-May,133,E,-,-,-,-,-,-,-,-,MCS
4-May,134,E,-,-,-,-,-,-,-,-,MCS
4-May,135,E,-,-,-,-,-,-,-,-,MCS
4-May,136,E,-,-,-,-,-,-,-,-,MCS
4-May,137,E,-,-,-,-,-,-,-,-,MCS
4-May,138,E,-,-,-,-,-,-,-,-,MCS
4-May,139,E,-,-,-,-,-,-,-,-,MCS
4-May,142,E,-,-,-,-,-,-,-,-,MCS
4-May,143,E,-,-,-,-,-,-,-,-,MCS
4-May,144,E,-,-,-,-,-,-,-,-,MCS
4-May,147,E,-,-,-,-,-,-,-,-,MCS
4-May,148,E,-,-,-,-,-,-,-,-,MCS
4-May,149,E,-,-,-,-,-,-,-,-,MCS
4-May,150,E,-,-,-,-,-,-,-,-,MCS
4-May,153,E,-,-,-,-,-,-,-,-,MCS
4-May,154,E,-,-,-,-,-,-,-,-,MCS
4-May,155,E,-,-,-,-,-,-,-,-,MCS
4-May,156,E,-,-,-,-,-,-,-,-,MCS
4-May,158,E,-,-,-,-,-,-,-,-,MCS
4-May,159,E,-,-,-,-,-,-,-,-,MCS
4-May,161,E,-,-,-,-,-,-,-,-,MCS
4-May,162,E,-,-,-,-,-,-,-,-,MCS
4-May,163,E,-,-,-,-,-,-,-,-,MCS
4-May,164,E,-,-,-,-,-,-,-,-,MCS
4-May,115,E,-,-,-,-,-,-,-,-,MCS
4-May,118,E,-,-,-,-,-,-,-,-,MCS
4-May,121,E,-,-,-,-,-,-,-,-,MCS
4-May,125,E,-,-,-,-,-,-,-,-,MCS
4-May,145,E,-,-,-,-,-,-,-,-,MCS
4-May,157,E,-,-,-,-,-,-,-,-,MCS
4-May,86,F,-,-,-,-,-,-,-,-,MCS
4-May,90,F,-,-,-,-,-,-,-,-,MCS
4-May,91,F,-,-,-,-,-,-,-,-,MCS
4-May,92,F,-,-,-,-,-,-,-,-,MCS
4-May,94,F,-,-,-,-,-,-,-,-,MCS
4-May,96,F,-,-,-,-,-,-,-,-,MCS
4-May,100,F,-,-,-,-,-,-,-,-,MCS
4-May,101,F,-,-,-,-,-,-,-,-,MCS
4-May,102,F,-,-,-,-,-,-,-,-,MCS
4-May,104,F,-,-,-,-,-,-,-,-,MCS
4-May,105,F,-,-,-,-,-,-,-,-,MCS
4-May,106,F,-,-,-,-,-,-,-,-,MCS
4-May,107,F,-,-,-,-,-,-,-,-,MCS
4-May,108,F,-,-,-,-,-,-,-,-,MCS
4-May,109,F,-,-,-,-,-,-,-,-,MCS
4-May,111,F,-,-,-,-,-,-,-,-,MCS
4-May,113,F,-,-,-,-,-,-,-,-,MCS
4-May,114,F,-,-,-,-,-,-,-,-,MCS
4-May,115,F,-,-,-,-,-,-,-,-,MCS
4-May,116,F,-,-,-,-,-,-,-,-,MCS
4-May,117,F,-,-,-,-,-,-,-,-,MCS
4-May,121,F,-,-,-,-,-,-,-,-,MCS
4-May,122,F,-,-,-,-,-,-,-,-,MCS
4-May,123,F,-,-,-,-,-,-,-,-,MCS
4-May,124,F,-,-,-,-,-,-,-,-,MCS
4-May,125,F,-,-,-,-,-,-,-,-,MCS
4-May,128,F,-,-,-,-,-,-,-,-,MCS
4-May,129,F,-,-,-,-,-,-,-,-,MCS
4-May,131,F,-,-,-,-,-,-,-,-,MCS
4-May,132,F,-,-,-,-,-,-,-,-,MCS
4-May,133,F,-,-,-,-,-,-,-,-,MCS
4-May,134,F,-,-,-,-,-,-,-,-,MCS
4-May,141,F,-,-,-,-,-,-,-,-,MCS
4-May,149,F,-,-,-,-,-,-,-,-,MCS
4-May,150,F,-,-,-,-,-,-,-,-,MCS
4-May,151,F,-,-,-,-,-,-,-,-,MCS
4-May,153,F,-,-,-,-,-,-,-,-,MCS
4-May,162,F,-,-,-,-,-,-,-,-,MCS
4-May,163,F,-,-,-,-,-,-,-,-,MCS
4-May,164,F,-,-,-,-,-,-,-,-,MCS
4-May,93,F,-,-,-,-,-,-,-,-,MCS
4-May,95,F,-,-,-,-,-,-,-,-,MCS
4-May,103,F,-,-,-,-,-,-,-,-,MCS
4-May,119,F,-,-,-,-,-,-,-,-,MCS
4-May,139,F,-,-,-,-,-,-,-,-,MCS
4-May,140,F,-,-,-,-,-,-,-,-,MCS
8-May,121,D,0,0,0,0,0,0,0,1,MCS
8-May,6,E,1,0,2,4,5,4,7,6,MCS
11-May,133,B,2,2,4,2,4,1,2,1,HNT
11-May,134,B,7,4,3,1,2,3,1,4,HNT
11-May,135,B,2,5,5,4,8,1,8,8,HNT
11-May,137,B,1,3,1,0,3,1,1,2,HNT
11-May,138,B,0,4,2,0,1,3,3,3,HNT
11-May,139,B,2,4,5,8,4,0,2,1,HNT
11-May,140,B,7,6,3,7,1,9,8,3,HNT
11-May,142,B,0,1,1,1,9,0,2,1,HNT
11-May,143,B,1,9,11,5,23,8,4,8,HNT
11-May,147,B,2,1,1,3,0,0,0,0,HNT
11-May,151,B,1,0,0,0,1,1,1,1,HNT
11-May,162,B,2,1,4,2,4,3,1,4,HNT
11-May,122,C,5,13,3,7,0,0,0,0,HNT
11-May,149,C,10,7,4,12,7,6,8,7,HNT
11-May,159,C,2,1,0,1,3,1,1,0,HNT
11-May,157,C,1,0,2,0,0,0,0,0,HNT
11-May,161,C,2,1,0,1,3,0,2,0,HNT
11-May,164,C,0,2,0,0,3,0,7,0,HNT
11-May,126,D,3,1,1,0,4,2,1,5,HNT
11-May,128,D,0,1,0,6,5,0,2,2,HNT
11-May,1,E,0,2,0,0,4,0,0,0,HNT
11-May,2,E,0,15,7,2,13,0,15,0,HNT
11-May,3,E,0,0,10,15,7,0,18,0,HNT
11-May,4,E,0,10,0,0,8,7,2,0,HNT
14-May,5,E,2,8,6,5,12,4,10,1,HNT
14-May,7,E,1,0,0,3,0,4,2,0,HNT
14-May,10,E,6,15,21,3,40,0,0,8,HNT
14-May,11,E,0,4,0,0,10,0,0,0,HNT
14-May,13,E,4,8,5,6,9,1,3,4,HNT
14-May,28,E,3,1,3,4,5,0,7,0,HNT
14-May,29,E,0,0,2,0,2,2,0,0,HNT
14-May,36,E,0,0,0,0,0,0,2,0,HNT
14-May,55,E,0,0,1,0,1,0,1,0,HNT
14-May,61,E,2,5,6,10,5,0,5,0,HNT
14-May,59,E,3,1,1,1,6,1,2,4,HNT
14-May,89,E,1,3,0,2,4,0,1,3,HNT
14-May,101,E,0,2,2,0,3,3,1,1,HNT
14-May,120,E,0,12,3,0,1,0,0,0,HNT
14-May,140,E,2,20,0,8,8,1,11,11,HNT
14-May,151,E,3,17,9,3,41,4,5,10,HNT
14-May,141,E,3,0,0,2,7,0,6,1,HNT
14-May,146,E,1,2,3,4,18,0,12,0,HNT
14-May,152,E,6,4,2,8,21,0,0,8,HNT
14-May,23,E,-,-,-,-,-,-,-,-,HNT
14-May,26,E,-,-,-,-,-,-,-,-,HNT
14-May,27,E,-,-,-,-,-,-,-,-,HNT
14-May,39,E,-,-,-,-,-,-,-,-,HNT
14-May,40,E,-,-,-,-,-,-,-,-,HNT
14-May,45,E,-,-,-,-,-,-,-,-,HNT
14-May,48,E,-,-,-,-,-,-,-,-,HNT
14-May,49,E,-,-,-,-,-,-,-,-,HNT
14-May,50,E,-,-,-,-,-,-,-,-,HNT
14-May,54,E,-,-,-,-,-,-,-,-,HNT
14-May,57,E,-,-,-,-,-,-,-,-,HNT
14-May,129,E,-,-,-,-,-,-,-,-,HNT
15-May,110,F,5,8,4,7,5,0,10,0,HNT
15-May,112,F,4,15,10,2,8,0,0,0,HNT
15-May,118,F,2,1,1,0,0,0,0,0,HNT
15-May,122,F,1,0,1,0,2,0,2,0,HNT
15-May,126,F,0,1,2,0,1,0,0,0,HNT
15-May,135,F,3,2,1,0,3,1,0,0,HNT
15-May,136,F,0,2,7,1,26,0,6,1,HNT
15-May,137,F,0,2,3,0,6,1,0,0,HNT
15-May,138,F,1,2,1,1,12,0,0,1,HNT
15-May,142,F,0,0,0,1,0,0,0,1,HNT
15-May,144,F,3,2,6,1,8,0,7,1,HNT
15-May,145,F,0,4,1,0,15,0,0,0,HNT
15-May,146,F,1,2,0,0,18,0,4,0,HNT
15-May,147,F,0,0,1,0,2,0,4,0,HNT
15-May,148,F,3,2,7,2,10,0,12,0,HNT
15-May,152,F,2,0,2,0,1,1,2,5,HNT
15-May,154,F,1,0,1,0,2,0,2,1,HNT
15-May,155,F,2,2,5,3,8,0,17,0,HNT
15-May,157,F,0,9,5,3,4,11,0,16,HNT
15-May,159,F,0,1,1,1,3,0,3,1,HNT
15-May,161,F,12,10,12,11,19,0,10,0,HNT
15-May,77,F,-,-,-,-,-,-,-,-,HNT
15-May,79,F,-,-,-,-,-,-,-,-,HNT
15-May,143,F,-,-,-,-,-,-,-,-,HNT
15-May,158,F,-,-,-,-,-,-,-,-,HNT