Date,ViaNumber,Day,numbMales,ct,sd,y,se,Initials,Notes
Eki.21,9,A,2,1,1,1,0,HNT,
Eki.21,9,A,5,0,0,0,0,HNT,
Eki.21,9,A,2,1,1,1,1,HNT,
Eki.21,9,A,2,1,1,0,0,HNT,
Eki.21,9,A,2,0,0,1,0,HNT,
Eki.21,9,A,1,0,0,0,1,HNT,
Eki.21,9,A,1,0,1,1,1,HNT,
Eki.21,7,A,1,0,0,0,1,HNT,
Eki.21,1,A,2,0,0,0,0,HNT,
Eki.21,7,A,3,0,0,1,0,HNT,
Eki.21,5,A,3,1,1,1,1,HNT,
Eki.21,5,A,2,1,1,1,0,HNT,
Eki.21,5,A,2,1,1,0,0,HNT,
Eki.21,5,A,1,0,0,0,1,HNT,
Eki.21,5,A,1,0,1,1,0,HNT,
Eki.21,5,A,2,0,0,0,0,HNT,
Eki.21,5,A,2,0,0,0,1,HNT,
Eki.21,5,A,1,0,1,0,1,HNT,
Eki.21,2,A,1,0,0,1,0,HNT,
Eki.21,2,A,4,0,0,0,0,HNT,
Eki.21,2,A,2,0,0,1,1,HNT,
Eki.21,2,A,2,1,1,1,0,HNT,
Eki.21,2,A,1,0,1,0,0,HNT,
Eki.21,2,A,1,0,1,0,1,HNT,
Eki.21,2,A,2,1,1,1,1,HNT,
Eki.21,2,A,1,0,0,1,0,HNT,
Eki.21,10,A,1,0,1,1,1,HNT,
Eki.21,10,A,2,0,0,0,0,HNT,
Eki.21,10,A,1,1,1,0,0,HNT,
Eki.21,10,A,2,1,1,1,1,HNT,
Eki.21,10,A,1,0,0,0,1,HNT,
Eki.21,1,A,1,0,1,0,0,HNT,
Eki.21,1,A,6,0,0,0,1,HNT,
Eki.21,1,A,1,1,1,1,1,HNT,
Eki.21,1,A,1,0,0,1,1,HNT,
Eki.21,1,A,1,0,0,0,0,HNT,
Eki.21,15,A,4,0,0,0,0,HNT,
Eki.21,15,A,3,1,1,1,0,HNT,
Eki.21,15,A,3,0,0,0,1,HNT,
Eki.21,15,A,1,1,1,1,1,HNT,
Eki.21,11,A,2,1,1,1,1,HNT,
Eki.21,11,A,3,0,0,0,1,HNT,
Eki.21,11,A,1,0,1,0,0,HNT,
Eki.21,11,A,2,0,0,0,0,HNT,
Eki.21,11,A,2,0,0,1,1,HNT,
Eki.21,11,A,1,0,1,1,1,HNT,
Eki.21,1,A,1,0,0,0,0,HNT,
Eki.21,2,A,2,1,1,1,1,HNT,
Eki.21,2,A,1,0,1,0,1,HNT,
Eki.21,2,A,3,0,0,0,0,HNT,
Eki.21,2,A,2,1,1,1,0,HNT,
Eki.21,5,A,1,0,1,1,1,HNT,
Eki.21,1,A,1,0,0,0,0,HNT,
Eki.21,5,A,1,0,0,0,1,HNT,
Eki.21,6,A,4,0,0,0,1,HNT,
Eki.21,6,A,3,1,1,1,0,HNT,
Eki.21,6,A,1,0,1,0,1,HNT,
Eki.21,6,A,1,0,1,0,0,HNT,
Eki.21,9,A,1,0,0,1,0,HNT,
Eki.21,9,A,1,0,1,1,1,HNT,
Eki.21,9,A,2,0,0,0,0,HNT,
Eki.21,9,A,1,0,0,1,1,HNT,
Eki.21,9,A,1,0,1,0,0,HNT,
Eki.21,9,A,1,1,1,1,0,HNT,
Eki.21,10,A,1,1,1,0,0,HNT,
Eki.21,10,A,1,0,0,0,0,HNT,
Eki.21,12,A,1,0,0,0,0,HNT,
Eki.21,1,A,2,0,0,1,0,HNT,
Eki.21,12,A,3,1,1,1,0,HNT,
Eki.21,13,A,1,1,1,1,1,HNT,
Eki.21,13,A,2,0,1,1,1,HNT,
Eki.21,13,A,1,0,1,1,0,HNT,
Eki.21,13,A,1,0,0,1,1,HNT,
Eki.21,13,A,1,0,0,1,0,HNT,
Eki.21,13,A,1,1,1,1,0,HNT,
Eki.21,13,A,2,0,0,0,0,HNT,
Eki.21,15,A,3,0,0,0,0,HNT,
Eki.21,17,A,4,0,0,0,1,HNT,
Eki.21,17,A,2,0,0,0,0,HNT,
Eki.22,1,A,1,0,0,1,0,HNT,
Eki.22,1,A,1,0,0,1,1,HNT,
Eki.22,2,A,2,0,0,0,0,HNT,
Eki.22,2,A,1,0,0,0,1,HNT,
Eki.22,2,A,1,1,1,1,0,HNT,
Eki.22,5,A,1,0,0,0,1,HNT,
Eki.22,5,A,1,0,0,1,1,HNT,
Eki.22,5,A,1,0,0,0,0,HNT,
Eki.22,6,A,1,0,0,0,0,HNT,
Eki.22,6,A,1,1,1,0,0,HNT,
Eki.22,6,A,1,0,0,1,1,HNT,
Eki.22,6,A,1,1,1,1,0,HNT,
Eki.22,9,A,2,0,0,0,0,HNT,
Eki.22,9,A,1,1,1,1,1,HNT,
Eki.22,10,A,1,0,0,0,1,HNT,
Eki.22,10,A,1,0,0,0,0,HNT,
Eki.22,11,A,2,0,1,1,0,HNT,
Eki.22,11,A,2,1,1,1,0,HNT,
Eki.22,11,A,1,0,0,1,1,HNT,
Eki.22,11,A,1,1,1,1,1,HNT,
Eki.22,12,A,1,1,1,1,0,HNT,
Eki.22,12,A,1,0,1,1,1,HNT,
Eki.22,12,A,4,1,1,1,1,HNT,
Eki.22,12,A,5,0,0,0,0,HNT,
Eki.22,12,A,2,0,0,0,1,HNT,
Eki.22,12,A,2,0,0,1,1,HNT,
Eki.22,13,A,2,0,0,0,1,HNT,
Eki.22,13,A,1,0,0,1,1,HNT,
Eki.22,13,A,3,1,1,1,0,HNT,
Eki.22,13,A,1,1,1,0,0,HNT,
Eki.22,13,A,1,1,1,1,1,HNT,
Eki.22,13,A,4,0,0,0,0,HNT,
Eki.22,13,A,2,0,1,1,1,HNT,
Eki.22,13,A,1,0,0,1,0,HNT,
Eki.22,15,A,4,0,0,0,0,HNT,
Eki.22,15,A,1,0,1,1,1,HNT,
Eki.22,15,A,3,1,1,0,0,HNT,
Eki.22,15,A,1,1,1,1,0,HNT,
Eki.22,15,A,1,0,0,1,0,HNT,
Eki.22,15,A,1,0,0,0,1,HNT,
Eki.23,8,B,1,0,0,0,0,KEW,
Eki.23,8,B,1,0,0,0,0,KEW,
Eki.23,8,B,1,1,1,1,1,KEW,
Eki.23,9,B,1,1,1,0,0,KEW,
Eki.23,1,B,1,1,0,1,0,KEW,
Eki.23,1,B,1,1,1,1,0,KEW,
Eki.23,1,B,1,1,1,1,1,KEW,
Eki.23,1,B,1,1,1,1,0,KEW,
Eki.23,1,B,1,0,1,1,1,KEW,
Eki.23,1,B,1,1,0,1,1,KEW,
Eki.23,1,B,1,1,1,0,1,KEW,
Eki.23,1,B,1,0,0,0,0,KEW,
Eki.23,2,B,1,0,0,0,0,KEW,
Eki.23,2,B,1,0,0,0,1,KEW,
Eki.23,2,B,1,1,1,0,0,KEW,
Eki.23,2,B,1,0,0,1,1,KEW,
Eki.23,2,B,1,0,0,0,0,KEW,
Eki.23,5,B,1,1,1,1,1,KEW,
Eki.23,5,B,1,0,0,0,1,KEW,
Eki.23,5,B,1,0,0,0,0,KEW,
Eki.23,5,B,1,1,1,1,1,KEW,
Eki.23,6,B,1,1,1,1,1,KEW,
Eki.23,6,B,1,0,1,1,1,KEW,
Eki.23,6,B,1,0,0,1,1,KEW,
Eki.23,6,B,1,0,1,1,0,KEW,
Eki.23,6,B,1,1,0,0,0,KEW,
Eki.23,6,B,1,1,1,0,0,KEW,
Eki.23,6,B,1,0,1,1,1,KEW,
Eki.23,6,B,1,0,0,0,1,KEW,
Eki.23,7,B,1,1,0,1,1,KEW,
Eki.23,7,B,1,1,1,1,1,KEW,
Eki.23,7,B,1,0,1,1,1,KEW,
Eki.23,7,B,1,0,0,0,0,KEW,
Eki.23,7,B,1,0,0,0,0,KEW,
Eki.23,7,B,1,0,0,0,0,KEW,
Eki.23,7,B,1,1,1,1,1,KEW,
Eki.23,34,A,2,0,0,0,0,HNT,
Eki.23,34,A,1,1,1,0,1,HNT,
Eki.23,34,A,1,0,0,1,0,HNT,
Eki.23,34,A,1,1,1,1,1,HNT,
Eki.23,35,A,1,0,0,0,0,HNT,
Eki.23,35,A,1,1,1,1,1,HNT,
Eki.23,6,A,2,1,1,0,0,HNT,
Eki.23,6,A,4,0,0,0,0,HNT,
Eki.23,6,A,5,0,0,0,1,HNT,
Eki.23,6,A,2,0,0,1,0,HNT,
Eki.23,6,A,3,0,0,1,1,HNT,
Eki.23,6,A,4,1,1,1,1,HNT,
Eki.23,6,A,3,1,1,1,0,HNT,
Eki.23,8,A,2,0,0,0,0,HNT,
Eki.23,8,A,1,0,0,0,1,HNT,
Eki.23,8,A,3,1,1,0,1,HNT,
Eki.23,8,A,1,1,1,0,0,HNT,
Eki.23,8,A,2,0,0,1,0,HNT,
Eki.23,8,A,1,1,1,1,0,HNT,
Eki.23,8,A,1,1,1,1,1,HNT,
Eki.23,25,A,1,1,1,0,1,HNT,
Eki.23,32,A,1,1,1,1,0,HNT,
Eki.23,24,A,2,0,0,0,1,HNT,
Eki.23,24,A,1,0,0,0,0,HNT,
Eki.23,24,A,1,1,1,0,0,HNT,
Eki.23,24,A,2,1,1,1,0,HNT,
Eki.23,24,A,1,1,1,1,1,HNT,
Eki.23,30,A,1,0,0,0,0,HNT,
Eki.23,30,A,1,1,1,0,1,HNT,
Eki.23,30,A,1,1,1,1,1,HNT,
Eki.23,37,A,1,1,1,1,0,HNT,
Eki.23,37,A,1,1,1,1,1,HNT,
Eki.23,37,A,1,0,0,1,0,HNT,
Eki.23,37,A,2,0,0,0,0,HNT,
Eki.23,23,A,1,0,0,0,1,HNT,
Eki.23,23,A,4,0,0,0,0,HNT,
Eki.23,23,A,1,0,0,0,1,HNT,
Eki.23,23,A,1,1,1,1,0,HNT,
Eki.23,23,A,3,1,1,1,1,HNT,
Eki.23,59,A,2,1,1,0,1,HNT,
Eki.23,59,A,1,0,0,0,1,HNT,
Eki.23,59,A,1,0,0,0,0,HNT,
Eki.23,58,A,2,1,1,0,0,HNT,
Eki.23,58,A,2,0,0,0,0,HNT,
Eki.23,58,A,1,1,1,1,0,HNT,
Eki.23,29,A,1,1,1,1,1,HNT,
Eki.23,29,A,1,0,0,1,0,HNT,
Eki.23,29,A,1,0,0,1,1,HNT,
Eki.23,29,A,2,1,1,0,0,HNT,
Eki.23,29,A,1,1,1,0,1,HNT,
Eki.23,29,A,4,0,0,0,0,HNT,
Eki.23,29,A,3,0,0,0,1,HNT,
Eki.23,17,A,2,0,0,0,0,HNT,
Eki.23,17,A,1,0,0,0,1,HNT,
Eki.23,17,A,2,1,1,1,0,HNT,
Eki.23,17,A,3,1,1,1,1,HNT,
Eki.23,26,A,1,0,0,0,0,HNT,
Eki.23,26,A,2,0,0,0,1,HNT,
Eki.23,26,A,1,1,1,0,0,HNT,
Eki.23,31,A,2,0,0,0,1,HNT,
Eki.23,31,A,1,0,0,0,0,HNT,
Eki.23,31,A,1,1,1,0,1,HNT,
Eki.23,31,A,2,0,0,1,1,HNT,
Eki.23,31,A,1,0,0,1,0,HNT,
Eki.23,20,A,1,1,1,1,0,ABK,
Eki.23,20,A,1,1,1,1,0,ABK,
Eki.23,21,A,1,1,1,0,1,ABK,
Eki.23,21,A,1,1,1,0,1,ABK,
Eki.23,21,A,1,0,0,0,1,ABK,
Eki.23,21,A,1,0,0,0,1,ABK,
Eki.23,21,A,1,0,0,0,1,ABK,
Eki.23,21,A,1,0,0,0,0,ABK,
Eki.23,21,A,1,1,1,0,0,ABK,
Eki.23,21,A,1,0,0,1,1,ABK,
Eki.23,21,A,1,0,0,1,1,ABK,
Eki.23,21,A,1,0,0,1,1,ABK,
Eki.23,21,A,1,1,1,1,0,ABK,
Eki.23,22,A,1,0,0,0,0,ABK,
Eki.23,22,A,1,0,0,0,0,ABK,
Eki.23,22,A,1,0,0,0,0,ABK,
Eki.23,22,A,1,0,0,0,1,ABK,
Eki.23,22,A,1,0,0,0,1,ABK,
Eki.23,22,A,1,1,1,0,1,ABK,
Eki.23,22,A,1,1,1,0,0,ABK,
Eki.23,22,A,1,0,0,0,0,ABK,
Eki.23,22,A,1,1,1,0,1,ABK,
Eki.23,22,A,1,0,0,1,0,ABK,
Eki.23,22,A,1,0,0,1,0,ABK,
Eki.23,22,A,1,1,1,1,0,ABK,
Eki.23,22,A,1,1,1,1,0,ABK,
Eki.23,22,A,1,1,1,1,0,ABK,
Eki.23,22,A,1,1,1,1,1,ABK,
Eki.23,22,A,1,1,1,1,1,ABK,
Eki.23,16,A,1,0,0,0,0,ABK,
Eki.23,16,A,1,0,0,0,0,ABK,
Eki.23,16,A,1,0,0,0,0,ABK,
Eki.23,16,A,1,0,0,0,1,ABK,
Eki.23,16,A,1,1,1,0,1,ABK,
Eki.23,16,A,1,1,1,0,1,ABK,
Eki.23,16,A,1,0,0,1,0,ABK,
Eki.23,16,A,1,0,0,1,0,ABK,
Eki.23,16,A,1,0,0,1,1,ABK,
Eki.23,16,A,1,0,0,1,1,ABK,
Eki.23,16,A,1,1,1,1,1,ABK,
Eki.23,16,A,1,1,1,1,1,ABK,
Eki.23,16,A,1,1,1,1,1,ABK,
Eki.23,18,A,1,0,0,0,1,ABK,
Eki.23,18,A,1,0,0,0,1,ABK,
Eki.23,18,A,1,1,1,1,1,ABK,
Eki.23,18,A,1,1,1,1,0,ABK,
Eki.23,18,A,1,1,1,1,0,ABK,
Eki.23,18,A,1,0,0,1,0,ABK,
Eki.23,19,A,1,1,1,1,1,ABK,
Eki.23,19,A,1,0,0,1,1,ABK,
Eki.23,19,A,1,0,0,0,0,ABK,
Eki.23,19,A,1,0,0,1,0,ABK,
Eki.23,19,A,1,0,0,1,0,ABK,
Eki.23,19,A,1,0,0,1,0,ABK,
Eki.23,19,A,1,0,0,1,0,ABK,
Eki.23,19,A,1,1,1,1,0,ABK,
Eki.23,19,A,1,1,1,1,0,ABK,
Eki.23,19,A,1,1,1,1,0,ABK,
Eki.23,20,A,1,0,0,0,0,ABK,
Eki.23,20,A,1,0,0,0,0,ABK,
Eki.23,20,A,1,0,0,0,0,ABK,
Eki.23,20,A,1,0,0,0,0,ABK,
Eki.23,20,A,1,0,0,0,1,ABK,
Eki.23,20,A,1,1,1,0,0,ABK,
Eki.23,20,A,1,1,1,1,0,ABK,
Eki.23,12,A,1,0,0,0,0,ABK,
Eki.23,12,A,1,0,0,0,0,ABK,
Eki.23,12,A,1,1,1,0,0,ABK,
Eki.23,12,A,1,1,1,0,0,ABK,
Eki.23,12,A,1,0,0,0,1,ABK,
Eki.23,12,A,1,1,1,0,1,ABK,
Eki.23,12,A,1,0,0,1,0,ABK,
Eki.23,12,A,1,0,0,1,0,ABK,
Eki.23,12,A,1,1,1,1,1,ABK,
Eki.23,12,A,1,1,1,1,1,ABK,
Eki.23,13,A,1,0,0,0,1,ABK,
Eki.23,13,A,1,0,0,0,1,ABK,
Eki.23,13,A,1,1,1,0,0,ABK,
Eki.23,13,A,1,1,1,0,0,ABK,
Eki.23,13,A,1,0,0,0,1,ABK,
Eki.23,13,A,1,0,0,0,1,ABK,
Eki.23,13,A,1,1,1,0,1,ABK,
Eki.23,13,A,1,1,1,0,0,ABK,
Eki.23,13,A,1,1,1,0,0,ABK,
Eki.23,13,A,1,1,1,1,0,ABK,
Eki.23,13,A,1,1,1,1,0,ABK,
Eki.23,15,A,1,0,0,0,1,ABK,
Eki.23,15,A,1,1,1,0,0,ABK,
Eki.23,15,A,1,0,0,0,0,ABK,
Eki.23,15,A,1,0,0,0,0,ABK,
Eki.23,15,A,1,0,0,0,0,ABK,
Eki.23,15,A,1,0,0,0,0,ABK,
Eki.23,15,A,1,0,0,0,0,ABK,
Eki.23,15,A,1,0,0,1,0,ABK,
Eki.23,15,A,1,0,0,1,0,ABK,
Eki.23,15,A,1,1,1,1,0,ABK,
Eki.23,15,A,1,1,1,1,0,ABK,
Eki.23,15,A,1,0,0,1,1,ABK,
Eki.23,15,A,1,0,0,1,1,ABK,
Eki.23,10,A,1,0,0,1,1,ABK,
Eki.23,10,A,1,0,0,1,1,ABK,
Eki.23,9,A,1,1,1,0,0,ABK,
Eki.23,9,A,1,0,0,0,0,ABK,
Eki.23,9,A,1,0,0,0,0,ABK,
Eki.23,9,A,1,0,0,0,0,ABK,
Eki.23,9,A,1,0,0,0,1,ABK,
Eki.23,9,A,1,0,0,0,1,ABK,
Eki.23,9,A,1,0,0,0,1,ABK,
Eki.23,9,A,1,1,1,1,0,ABK,
Eki.23,9,A,1,1,1,1,1,ABK,
Eki.23,9,A,1,0,0,1,0,ABK,
Eki.23,9,A,1,0,0,1,0,ABK,
Eki.23,9,A,1,0,0,1,1,ABK,
Eki.23,9,A,1,0,0,1,1,ABK,
Eki.23,9,A,1,0,0,1,1,ABK,
Eki.23,7,A,1,0,0,0,1,ABK,
Eki.23,7,A,1,0,0,0,1,ABK,
Eki.23,7,A,1,0,0,0,1,ABK,
Eki.23,7,A,1,0,0,0,1,ABK,
Eki.23,7,A,1,0,0,0,1,ABK,
Eki.23,7,A,1,0,0,0,1,ABK,
Eki.23,7,A,1,0,0,0,0,ABK,
Eki.23,7,A,1,0,0,0,0,ABK,
Eki.23,7,A,1,0,0,0,0,ABK,
Eki.23,7,A,1,0,0,0,1,ABK,
Eki.23,7,A,1,1,1,0,0,ABK,
Eki.23,7,A,1,0,0,0,1,ABK,
Eki.23,7,A,1,1,1,0,1,ABK,
Eki.23,7,A,1,0,0,1,0,ABK,
Eki.23,7,A,1,0,0,1,0,ABK,
Eki.23,7,A,1,0,0,1,0,ABK,
Eki.23,7,A,1,0,0,1,1,ABK,
Eki.23,7,A,1,0,0,1,1,ABK,
Eki.23,5,A,1,0,0,0,0,ABK,
Eki.23,5,A,1,0,0,0,0,ABK,
Eki.23,5,A,1,0,0,0,1,ABK,
Eki.23,5,A,1,1,1,0,1,ABK,
Eki.23,5,A,1,0,0,1,0,ABK,
Eki.23,5,A,1,0,0,1,0,ABK,
Eki.23,5,A,1,1,1,1,1,ABK,
Eki.23,5,A,1,1,1,1,0,ABK,
Eki.23,1,A,1,0,0,0,0,ABK,
Eki.23,1,A,1,0,0,0,1,ABK,
Eki.23,1,A,1,1,1,0,1,ABK,
Eki.23,1,A,1,1,1,0,1,ABK,
Eki.23,1,A,1,1,1,1,1,ABK,
Eki.23,2,A,1,0,0,0,0,ABK,
Eki.23,2,A,1,0,0,0,0,ABK,
Eki.23,2,A,1,0,0,0,1,ABK,
Eki.23,2,A,1,0,0,0,1,ABK,
Eki.23,2,A,1,1,1,0,0,ABK,
Eki.23,2,A,1,1,1,1,1,ABK,
Eki.23,2,A,1,1,1,1,1,ABK,
Eki.23,2,A,1,1,1,1,1,ABK,
Eki.23,2,A,1,1,1,1,1,ABK,
Eki.23,2,A,1,1,1,1,1,ABK,
Eki.23,2,A,1,1,1,0,0,ABK,
Eki.23,2,A,1,1,1,1,0,ABK,
Eki.23,2,A,1,1,1,1,0,ABK,
Eki.23,10,A,1,0,0,0,0,ABK,
Eki.23,10,A,1,0,0,0,0,ABK,
Eki.23,10,A,1,0,0,0,0,ABK,
Eki.23,10,A,1,0,0,0,1,ABK,
Eki.23,10,A,1,0,0,0,1,ABK,
Eki.23,10,A,1,0,0,0,1,ABK,
Eki.23,10,A,1,1,1,1,1,ABK,
Eki.23,10,A,1,0,0,1,0,ABK,
Eki.23,10,A,1,0,0,1,0,ABK,
Eki.23,10,A,1,0,0,1,0,ABK,
Eki.24,25,A,3,1,1,0,1,HNT,
Eki.24,25,A,2,0,0,0,0,HNT,
Eki.24,25,A,3,0,0,0,1,HNT,
Eki.24,25,A,4,1,1,1,1,HNT,
Eki.24,25,A,2,1,1,1,0,HNT,
Eki.24,25,A,2,0,0,1,0,HNT,
Eki.24,25,A,3,0,0,1,1,HNT,
Eki.24,23,A,2,0,0,0,0,HNT,
Eki.24,23,A,2,0,0,0,1,HNT,
Eki.24,23,A,1,1,1,0,1,HNT,
Eki.24,23,A,1,1,1,1,0,HNT,
Eki.24,23,A,5,1,1,1,1,HNT,
Eki.24,19,A,5,0,0,0,0,HNT,
Eki.24,19,A,2,0,0,0,1,HNT,
Eki.24,19,A,2,1,1,0,0,HNT,
Eki.24,19,A,1,1,1,0,1,HNT,
Eki.24,24,A,4,0,0,0,0,HNT,
Eki.24,24,A,5,1,1,0,0,HNT,
Eki.24,24,A,2,1,1,0,1,HNT,
Eki.24,24,A,4,1,1,1,0,HNT,
Eki.24,24,A,2,1,1,1,1,HNT,
Eki.24,24,A,3,0,0,1,1,HNT,
Eki.24,24,A,4,0,0,1,0,HNT,
Eki.24,22,A,1,0,0,1,0,HNT,
Eki.24,22,A,1,1,1,1,1,HNT,
Eki.24,22,A,1,0,0,0,0,HNT,
Eki.24,22,A,1,0,0,0,1,HNT,
Eki.24,22,A,1,1,1,0,1,HNT,
Eki.24,22,A,1,1,1,0,0,HNT,
Eki.24,26,A,3,1,1,1,1,HNT,
Eki.24,26,A,1,1,1,1,0,HNT,
Eki.24,26,A,1,0,0,0,0,HNT,
Eki.24,26,A,1,0,0,1,0,HNT,
Eki.24,26,A,3,1,1,0,0,HNT,
Eki.24,26,A,4,1,1,0,1,HNT,
Eki.24,26,A,4,0,0,0,0,HNT,
Eki.24,26,A,2,0,0,0,1,HNT,
Eki.24,21,A,2,1,1,0,0,HNT,
Eki.24,21,A,5,0,0,0,0,HNT,
Eki.24,21,A,5,0,0,0,1,HNT,
Eki.24,21,A,3,0,0,1,1,HNT,
Eki.24,21,A,2,0,0,1,0,HNT,
Eki.24,21,A,7,1,1,1,1,HNT,
Eki.24,21,A,2,1,1,1,0,HNT,
Eki.24,20,A,6,1,1,1,1,HNT,
Eki.24,20,A,2,1,1,1,0,HNT,
Eki.24,20,A,1,0,0,1,1,HNT,
Eki.24,20,A,1,0,0,1,0,HNT,
Eki.24,20,A,5,0,0,0,1,HNT,
Eki.24,20,A,9,0,0,0,0,HNT,
Eki.24,20,A,5,1,1,0,1,HNT,
Eki.24,20,A,1,1,1,0,0,HNT,
Eki.24,19,A,4,0,0,1,1,HNT,
Eki.24,19,A,5,0,0,1,0,HNT,
Eki.24,19,A,1,1,1,1,1,HNT,
Eki.24,19,A,1,1,1,1,0,HNT,
Eki.24,18,A,1,0,0,1,1,HNT,
Eki.24,18,A,3,1,1,1,1,HNT,
Eki.24,18,A,2,1,1,1,0,HNT,
Eki.24,18,A,4,1,1,0,1,HNT,
Eki.24,18,A,5,1,1,0,0,HNT,
Eki.24,18,A,1,0,0,0,1,HNT,
Eki.24,18,A,5,0,0,0,0,HNT,
Eki.24,30,A,2,1,1,1,1,ABK,
Eki.24,30,A,3,1,1,1,0,ABK,
Eki.24,38,A,2,0,0,0,0,ABK,
Eki.24,38,A,2,1,1,0,0,ABK,
Eki.24,38,A,2,0,0,0,1,ABK,
Eki.24,38,A,1,1,1,0,1,ABK,
Eki.24,38,A,2,1,1,1,1,ABK,
Eki.24,38,A,2,0,0,1,1,ABK,
Eki.24,38,A,4,0,0,1,0,ABK,
Eki.24,38,A,3,1,1,1,0,ABK,
Eki.24,45,A,1,1,1,0,0,ABK,
Eki.24,45,A,2,0,0,0,0,ABK,
Eki.24,45,A,2,1,1,0,1,ABK,
Eki.24,45,A,3,0,0,0,1,ABK,
Eki.24,45,A,1,1,1,1,1,ABK,
Eki.24,45,A,2,0,0,1,1,ABK,
Eki.24,45,A,1,0,0,1,0,ABK,
Eki.24,44,A,6,0,0,0,0,ABK,
Eki.24,44,A,1,0,0,0,1,ABK,
Eki.24,44,A,2,1,1,1,1,ABK,
Eki.24,44,A,5,0,0,1,0,ABK,
Eki.24,37,A,3,0,0,0,0,ABK,
Eki.24,37,A,6,0,0,0,1,ABK,
Eki.24,37,A,2,1,1,0,0,ABK,
Eki.24,37,A,2,1,1,1,1,ABK,
Eki.24,37,A,4,0,0,1,1,ABK,
Eki.24,37,A,5,1,1,1,0,ABK,
Eki.24,37,A,4,0,0,1,0,ABK,
Eki.24,41,A,1,0,0,0,1,ABK,
Eki.24,41,A,1,1,1,1,1,ABK,
Eki.24,41,A,2,1,1,1,0,ABK,
Eki.24,36,A,1,0,0,1,1,ABK,
Eki.24,36,A,1,1,1,1,0,ABK,
Eki.24,34,A,3,0,0,0,0,ABK,
Eki.24,34,A,1,1,1,0,0,ABK,
Eki.24,34,A,1,1,1,0,1,ABK,
Eki.24,34,A,4,0,0,1,1,ABK,
Eki.24,34,A,4,1,1,1,1,ABK,
Eki.24,30,A,2,0,0,0,1,ABK,
Eki.24,30,A,2,0,0,0,0,ABK,
Eki.24,30,A,2,1,1,0,0,ABK,
Eki.24,30,A,2,0,0,1,0,ABK,
Eki.24,35,A,1,0,0,0,0,ABK,
Eki.24,35,A,1,0,0,0,0,ABK,
Eki.24,35,A,1,0,0,0,0,ABK,
Eki.24,35,A,1,0,0,0,0,ABK,
Eki.24,35,A,1,0,0,0,0,ABK,
Eki.24,35,A,1,0,0,0,1,ABK,
Eki.24,35,A,1,0,0,0,0,ABK,
Eki.24,35,A,1,0,0,0,0,ABK,
Eki.24,35,A,1,0,0,0,0,ABK,
Eki.24,35,A,1,0,0,0,0,ABK,
Eki.24,35,A,1,0,0,0,1,ABK,
Eki.24,35,A,1,0,0,0,1,ABK,
Eki.24,35,A,1,0,0,0,1,ABK,
Eki.24,35,A,1,0,0,0,1,ABK,
Eki.24,35,A,1,0,0,0,1,ABK,
Eki.24,35,A,1,0,0,0,1,ABK,
Eki.24,35,A,6,0,0,1,0,ABK,
Eki.24,35,A,4,0,0,1,1,ABK,
Eki.24,35,A,2,1,1,1,0,ABK,
Eki.24,49,A,2,0,0,0,0,ABK,
Eki.24,49,A,1,1,1,1,1,ABK,
Eki.24,2,A,1,0,0,0,1,HNT,
Eki.24,2,A,3,0,0,0,0,HNT,
Eki.24,2,A,2,1,1,0,0,HNT,
Eki.24,2,A,1,1,1,0,1,HNT,
Eki.24,2,A,4,1,1,1,1,HNT,
Eki.24,2,A,2,1,1,1,0,HNT,
Eki.24,2,A,1,0,0,1,1,HNT,
Eki.24,2,A,1,0,0,1,0,HNT,
Eki.24,2,A,1,0,0,1,0,HNT,
Eki.24,2,A,2,1,1,1,1,HNT,
Eki.24,2,A,4,0,0,0,1,HNT,
Eki.22,21,A,1,1,1,1,1,AKT,
Eki.22,21,A,1,1,1,1,1,AKT,
Eki.22,21,A,1,1,1,1,1,AKT,
Eki.22,25,A,1,1,1,1,1,AKT,
Eki.22,26,A,1,0,0,0,1,AKT,
Eki.22,29,A,1,0,0,0,0,AKT,
Eki.22,29,A,1,1,1,0,0,AKT,
Eki.22,29,A,1,1,1,1,0,AKT,
Eki.22,30,A,1,0,0,0,1,AKT,
Eki.22,30,A,1,1,1,1,0,AKT,
Eki.22,30,A,1,1,1,1,0,AKT,
Eki.22,30,A,1,0,0,0,0,AKT,
Eki.22,30,A,1,0,0,0,0,AKT,
Eki.22,30,A,1,1,1,1,1,AKT,
Eki.22,22,A,1,0,0,0,0,AKT,
Eki.22,22,A,1,1,1,0,0,AKT,
Eki.22,22,A,1,0,0,1,1,AKT,
Eki.22,22,A,1,0,0,1,1,AKT,
Eki.22,22,A,1,1,1,1,1,AKT,
Eki.22,22,A,1,1,1,1,1,AKT,
Eki.24,17,A,1,1,1,0,1,UHA,
Eki.24,17,A,1,0,0,0,1,UHA,
Eki.24,17,A,2,1,1,1,0,UHA,
Eki.24,17,A,1,1,1,1,1,UHA,
Eki.24,17,A,1,0,1,1,1,UHA,
Eki.24,17,A,1,0,1,0,1,UHA,
Eki.24,17,A,1,0,0,0,0,UHA,
Eki.24,16,A,1,1,1,1,1,UHA,
Eki.24,16,A,1,1,1,0,1,UHA,
Eki.24,16,A,2,0,1,0,0,UHA,
Eki.24,16,A,2,0,0,0,1,UHA,
Eki.24,16,A,1,0,1,0,1,UHA,
Eki.24,16,A,2,0,0,0,0,UHA,
Eki.24,16,A,2,0,0,1,1,UHA,
Eki.24,16,A,1,0,1,1,1,UHA,
Eki.24,16,A,2,1,1,1,0,UHA,
Eki.22,20,A,1,0,0,1,0,HNT,
Eki.22,20,A,2,0,0,1,1,HNT,
Eki.22,20,A,1,1,1,1,0,HNT,
Eki.22,23,A,3,0,0,1,0,HNT,
Eki.22,23,A,2,0,0,1,1,HNT,
Eki.22,23,A,2,1,1,1,0,HNT,
Eki.22,23,A,3,0,0,0,0,HNT,
Eki.22,23,A,5,0,0,0,1,HNT,
Eki.22,23,A,1,1,1,0,0,HNT,
Eki.22,19,A,3,1,1,1,0,HNT,
Eki.22,18,A,2,0,0,1,0,HNT,
Eki.22,18,A,2,0,0,1,1,HNT,
Eki.22,18,A,4,1,1,1,0,HNT,
Eki.22,18,A,2,0,0,0,0,HNT,
Eki.22,18,A,3,0,0,0,1,HNT,
Eki.22,18,A,1,1,1,0,0,HNT,
Eki.22,18,A,1,1,1,0,1,HNT,
Eki.24,15,A,3,0,0,0,1,KEW,
Eki.24,15,A,1,0,1,0,1,KEW,
Eki.24,15,A,2,1,1,1,1,KEW,
Eki.24,15,A,1,0,0,1,1,KEW,
Eki.24,15,A,6,0,1,1,1,KEW,
Eki.24,15,A,1,1,1,1,0,KEW,
Eki.24,15,A,3,0,0,0,0,KEW,
Eki.24,13,A,2,1,1,1,0,KEW,
Eki.24,13,A,1,0,1,1,0,KEW,
Eki.24,13,A,1,1,1,0,0,KEW,
Eki.24,13,A,6,0,0,0,0,KEW,
Eki.24,13,A,1,0,1,0,1,KEW,
Eki.24,13,A,1,0,0,1,0,KEW,
Eki.24,13,A,2,0,0,0,1,KEW,
Eki.24,13,A,1,0,0,1,1,KEW,
Eki.24,12,A,1,0,1,0,1,KEW,
Eki.24,12,A,4,0,0,0,0,KEW,
Eki.24,12,A,1,0,1,0,0,KEW,
Eki.24,12,A,4,1,1,1,0,KEW,
Eki.24,12,A,2,1,1,1,1,KEW,
Eki.24,12,A,2,1,1,1,1,KEW,
Eki.24,12,A,3,0,0,1,1,KEW,
Eki.22,16,A,1,1,1,1,0,KEW,
Eki.22,1,A,1,0,0,0,1,KEW,
Eki.22,16,A,2,0,0,0,0,KEW,
Eki.22,17,A,7,0,0,0,0,KEW,
Eki.22,17,A,7,0,0,0,1,KEW,
Eki.22,17,A,1,0,1,1,1,KEW,
Eki.22,17,A,2,1,1,1,1,KEW,
Eki.22,17,A,5,1,1,1,0,KEW,
Eki.22,17,A,1,0,1,1,0,KEW,
Eki.22,17,A,1,0,0,1,0,KEW,
Eki.22,17,A,3,0,1,0,0,KEW,
Eki.22,17,A,1,1,1,0,1,KEW,
Eki.24,10,A,2,1,1,1,0,KEW,
Eki.24,10,A,4,0,1,0,1,KEW,
Eki.24,10,A,1,0,0,1,1,KEW,
Eki.24,10,A,1,0,0,0,1,KEW,
Eki.24,10,A,3,0,0,0,0,KEW,
Eki.24,10,A,2,0,1,1,1,KEW,
Eki.24,10,A,2,0,1,0,0,KEW,
Eki.24,10,A,1,1,1,0,0,KEW,
Eki.24,9,A,3,0,0,1,1,KEW,
Eki.24,9,A,1,0,1,1,1,KEW,
Eki.24,9,A,2,1,1,0,1,KEW,
Eki.24,9,A,1,0,0,0,1,KEW,
Eki.24,9,A,1,0,0,1,0,KEW,
Eki.24,9,A,2,1,1,1,0,KEW,
Eki.24,9,A,1,1,1,1,1,KEW,
Eki.24,9,A,4,0,0,0,0,KEW,
Eki.24,8,A,3,1,1,1,1,KEW,
Eki.24,8,A,2,1,1,1,0,KEW,
Eki.24,8,A,2,0,0,1,0,KEW,
Eki.24,8,A,7,0,0,0,0,KEW,
Eki.24,8,A,5,0,0,0,1,KEW,
Eki.24,8,A,1,1,1,0,1,KEW,
Eki.24,8,A,5,1,1,1,1,KEW,
Eki.24,8,A,2,1,1,0,0,KEW,
Eki.24,8,A,1,0,1,0,1,KEW,
Eki.24,8,A,2,0,1,0,0,KEW,
Eki.24,8,A,1,0,1,1,1,KEW,
Eki.24,7,A,2,0,1,0,1,KEW,
Eki.24,7,A,2,0,0,0,1,KEW,
Eki.24,7,A,1,0,0,1,0,KEW,
Eki.24,7,A,4,0,0,1,1,KEW,
Eki.24,7,A,6,0,0,0,0,KEW,
Eki.24,7,A,1,1,1,1,0,KEW,
Eki.24,7,A,2,1,1,1,1,KEW,
Eki.24,5,A,4,0,0,0,0,KEW,
Eki.24,5,A,3,0,0,1,1,KEW,
Eki.24,5,A,2,0,0,0,1,KEW,
Eki.24,5,A,1,0,1,1,0,KEW,
Eki.24,5,A,1,1,1,1,0,KEW,
Eki.24,5,A,2,0,0,1,0,KEW,
Eki.24,8,B,1,0,1,0,1,KEW,
Eki.24,8,B,2,0,0,1,1,KEW,
Eki.24,8,B,2,0,0,0,0,KEW,
Eki.24,8,B,1,1,1,0,1,KEW,
Eki.24,8,B,3,0,0,0,1,KEW,
Eki.24,9,B,1,0,0,0,1,KEW,
Eki.24,9,B,1,0,0,1,0,KEW,
Eki.24,9,B,1,1,1,1,0,KEW,
Eki.24,9,B,2,0,0,0,0,KEW,
Eki.24,9,B,2,1,1,1,1,KEW,
Eki.24,9,B,1,1,1,0,1,KEW,
Eki.24,12,B,1,0,0,1,1,KEW,
Eki.24,12,B,1,1,1,1,0,KEW,
Eki.24,13,B,3,0,0,0,1,KEW,
Eki.24,13,B,1,1,1,0,0,KEW,
Eki.24,13,B,1,1,1,1,1,UHA,
Eki.24,13,B,2,1,1,1,0,UHA,
Eki.24,13,B,1,0,0,0,0,UHA,
Eki.24,15,B,1,1,1,1,0,UHA,
Eki.24,15,B,2,1,1,0,0,UHA,
Eki.24,15,B,4,0,0,0,0,UHA,
Eki.24,16,B,1,1,1,0,1,UHA,
Eki.24,16,B,1,0,0,0,1,UHA,
Eki.24,16,B,2,1,1,0,0,UHA,
Eki.24,16,B,3,1,1,1,0,UHA,
Eki.24,16,B,2,0,0,0,0,UHA,
Eki.24,17,B,2,0,0,0,1,UHA,
Eki.24,17,B,1,0,0,0,0,UHA,
Eki.24,18,B,1,1,1,0,1,UHA,
Eki.24,18,B,2,1,1,1,0,UHA,
Eki.24,18,B,3,1,1,1,1,UHA,
Eki.24,18,B,2,1,1,1,0,UHA,
Eki.24,18,B,1,0,1,0,1,UHA,
Eki.24,19,B,1,0,0,0,1,UHA,
Eki.24,19,B,2,0,0,0,0,UHA,
Eki.24,20,B,1,0,0,0,1,UHA,
Eki.24,20,B,3,0,0,0,0,UHA,
Eki.24,22,B,1,0,0,0,0,UHA,
Eki.24,22,B,1,0,0,1,1,UHA,
Eki.24,22,B,1,1,1,0,0,UHA,
Eki.24,10,B,1,0,0,0,1,UHA,
Eki.24,16,B,1,1,1,0,0,UHA,
Eki.24,16,B,1,1,1,1,0,UHA,
Eki.24,18,B,1,0,0,1,1,UHA,
Eki.24,29,B,1,1,1,1,1,UHA,
Eki.24,26,B,2,0,0,0,0,UHA,
Eki.24,26,B,1,1,1,1,1,UHA,
Eki.24,25,B,1,1,1,1,0,UHA,
Eki.24,25,B,1,0,0,0,1,UHA,
Eki.24,25,B,2,0,0,0,0,UHA,
Eki.24,25,B,2,1,1,1,1,UHA,
Eki.25,32,A,5,0,0,0,0,ABK,
Eki.25,32,A,2,0,0,0,1,ABK,
Eki.25,32,A,1,1,1,0,1,ABK,
Eki.25,32,A,2,1,1,1,1,ABK,
Eki.25,32,A,2,0,0,1,1,ABK,
Eki.25,32,A,2,0,0,1,0,ABK,
Eki.25,31,A,6,0,0,0,0,ABK,
Eki.25,31,A,1,1,1,0,0,ABK,
Eki.25,31,A,5,0,0,0,1,ABK,
Eki.25,31,A,1,1,1,0,1,ABK,
Eki.25,31,A,3,1,1,1,0,ABK,
Eki.25,31,A,5,1,1,1,1,ABK,
Eki.25,31,A,2,0,0,1,1,ABK,
Eki.25,48,A,3,0,0,0,0,ABK,
Eki.25,48,A,3,1,1,0,0,ABK,
Eki.25,48,A,1,1,1,0,1,ABK,
Eki.25,48,A,1,1,1,1,1,ABK,
Eki.25,48,A,2,0,0,1,0,ABK,
Eki.25,48,A,2,0,0,1,1,ABK,
Eki.25,39,A,6,0,0,0,0,ABK,
Eki.25,39,A,4,0,0,0,1,ABK,
Eki.25,39,A,1,0,0,1,0,ABK,
Eki.25,39,A,1,1,1,1,0,ABK,
Eki.25,43,A,2,0,0,0,0,ABK,
Eki.25,43,A,2,0,0,0,1,ABK,
Eki.25,1,A,6,0,0,0,0,ABK,
Eki.25,1,A,1,1,1,0,1,ABK,
Eki.25,1,A,1,0,0,0,1,ABK,
Eki.25,1,A,4,0,0,1,1,ABK,
Eki.25,1,A,1,1,1,1,0,ABK,
Eki.25,1,A,2,0,0,1,0,ABK,
Eki.25,2,A,5,0,0,0,0,ABK,
Eki.25,2,A,1,1,1,0,0,ABK,
Eki.25,2,A,3,0,0,0,1,ABK,
Eki.25,2,A,3,1,1,1,1,ABK,
Eki.25,2,A,1,0,0,1,1,ABK,
Eki.25,2,A,3,1,1,1,0,ABK,
Eki.25,2,A,2,0,0,1,0,ABK,
Eki.25,5,A,1,0,0,0,1,ABK,
Eki.25,5,A,1,1,1,0,1,ABK,
Eki.25,5,A,2,0,0,1,0,ABK,
Eki.25,5,A,1,1,1,1,0,ABK,
Eki.25,5,A,1,1,1,1,1,ABK,
Eki.25,7,A,5,0,0,0,0,ABK,
Eki.25,7,A,1,0,0,0,1,ABK,
Eki.25,7,A,2,1,1,0,0,ABK,
Eki.25,7,A,3,1,1,1,1,ABK,
Eki.25,7,A,3,0,0,1,1,ABK,
Eki.25,7,A,4,1,1,1,0,ABK,
Eki.25,7,A,2,0,0,1,0,ABK,
Eki.26,1,B,2,0,1,0,0,ABK,
Eki.26,1,B,6,0,0,0,0,ABK,
Eki.26,1,B,1,1,1,0,0,ABK,
Eki.26,1,B,4,0,0,0,1,ABK,
Eki.26,1,B,1,0,0,1,1,ABK,
Eki.26,1,B,1,0,1,0,1,ABK,
Eki.26,13,B,2,0,0,0,0,ABK,
Eki.26,13,B,8,1,1,1,1,ABK,
Eki.26,13,B,1,0,0,1,1,ABK,
Eki.26,13,B,1,0,1,0,0,ABK,
Eki.26,13,B,2,0,1,1,0,ABK,
Eki.26,13,B,1,0,0,1,0,ABK,
Eki.26,13,B,3,0,0,0,1,ABK,
Eki.26,13,B,1,1,1,1,0,ABK,
Eki.26,10,B,3,1,1,1,1,ABK,
Eki.26,10,B,1,1,1,1,0,ABK,
Eki.26,10,B,2,0,0,0,1,ABK,
Eki.26,10,B,1,0,1,0,0,ABK,
Eki.26,10,B,2,0,0,1,0,ABK,
Eki.26,10,B,1,1,1,0,0,ABK,
Eki.26,10,B,1,1,1,0,1,ABK,
Eki.26,10,B,2,0,1,0,0,ABK,
Eki.26,15,B,3,1,1,1,0,ABK,
Eki.26,15,B,3,0,0,0,1,ABK,
Eki.26,15,B,8,0,0,0,0,ABK,
Eki.26,15,B,4,0,1,0,0,ABK,
Eki.26,15,B,1,1,1,1,1,ABK,
Eki.26,15,B,1,0,0,1,1,ABK,
Eki.26,15,B,1,1,1,0,0,ABK,
Eki.26,16,B,6,0,0,0,0,ABK,
Eki.26,16,B,1,1,1,0,0,ABK,
Eki.26,16,B,6,1,1,1,0,ABK,
Eki.26,16,B,1,1,1,0,1,ABK,
Eki.26,16,B,1,1,1,1,1,ABK,
Eki.26,16,B,2,1,1,1,1,ABK,
Eki.26,16,B,1,0,1,1,1,ABK,
Eki.26,16,B,1,0,0,1,1,ABK,
Eki.26,16,B,1,0,0,0,1,ABK,
Eki.26,12,B,3,0,1,1,0,ABK,
Eki.26,12,B,5,1,1,1,0,ABK,
Eki.26,12,B,5,1,1,1,1,ABK,
Eki.26,12,B,6,0,0,1,1,ABK,
Eki.26,12,B,1,0,1,0,0,ABK,
Eki.26,12,B,2,0,0,0,1,ABK,
Eki.26,12,B,3,0,0,0,0,ABK,
Eki.26,12,B,1,0,1,0,0,ABK,
Eki.26,2,B,5,1,1,0,0,ABK,
Eki.26,2,B,4,0,0,0,1,ABK,
Eki.26,2,B,8,0,0,0,0,ABK,
Eki.26,2,B,1,0,0,1,1,ABK,
Eki.26,2,B,2,1,1,1,1,ABK,
Eki.26,2,B,1,1,1,1,0,ABK,
Eki.26,2,B,5,0,0,1,0,ABK,
Eki.26,5,B,5,0,0,0,0,ABK,
Eki.26,5,B,3,1,1,0,1,ABK,
Eki.26,5,B,1,0,1,1,1,ABK,
Eki.26,5,B,1,0,1,0,0,ABK,
Eki.26,5,B,6,1,1,1,1,ABK,
Eki.26,5,B,3,0,0,1,1,ABK,
Eki.26,5,B,5,1,1,1,0,ABK,
Eki.26,5,B,3,0,0,0,1,ABK,
Eki.26,5,B,1,0,1,0,1,ABK,
Eki.26,6,B,7,0,0,0,1,ABK,
Eki.26,6,B,6,1,1,0,0,ABK,
Eki.26,6,B,3,1,1,1,0,ABK,
Eki.26,6,B,9,0,0,0,0,ABK,
Eki.26,6,B,2,1,1,0,1,ABK,
Eki.26,6,B,1,1,1,1,1,ABK,
Eki.26,7,B,7,0,0,0,0,ABK,
Eki.26,7,B,9,0,0,0,1,ABK,
Eki.26,7,B,6,0,0,1,1,ABK,
Eki.26,7,B,6,0,0,1,0,ABK,
Eki.26,7,B,2,0,1,0,0,ABK,
Eki.26,7,B,2,1,1,1,0,ABK,
Eki.26,7,B,1,1,1,0,1,ABK,
Eki.26,8,B,4,0,0,0,0,ABK,
Eki.26,8,B,5,0,0,0,1,ABK,
Eki.26,8,B,7,0,0,1,0,ABK,
Eki.26,8,B,2,1,1,1,0,ABK,
Eki.26,8,B,2,0,1,0,1,ABK,
Eki.26,8,B,2,1,1,1,1,ABK,
Eki.26,8,B,3,0,0,1,1,ABK,
Eki.26,8,B,2,1,1,0,0,ABK,
Eki.26,8,B,1,0,1,1,1,ABK,
Eki.26,9,B,1,0,1,1,1,ABK,
Eki.26,9,B,5,0,0,1,0,ABK,
Eki.26,9,B,4,1,1,1,1,ABK,
Eki.26,9,B,1,0,0,1,1,ABK,
Eki.26,9,B,4,1,1,1,0,ABK,
Eki.26,9,B,1,0,1,1,0,ABK,
Eki.26,9,B,4,0,0,0,0,ABK,
Eki.26,9,B,3,0,0,1,0,ABK,
Eki.26,9,B,5,0,0,0,1,ABK,
Eki.26,17,B,4,0,0,0,0,ABK,
Eki.26,17,B,3,0,0,1,0,ABK,
Eki.26,17,B,5,0,0,0,1,ABK,
Eki.26,17,B,4,1,1,1,1,ABK,
Eki.26,17,B,4,1,1,1,0,ABK,
Eki.26,17,B,5,1,1,0,0,ABK,
Eki.26,17,B,2,0,0,1,1,ABK,
Eki.26,17,B,1,0,1,0,1,ABK,
Eki.26,17,B,1,0,1,0,0,ABK,
Eki.26,17,B,1,1,1,0,1,ABK,
Eki.26,17,B,1,0,1,1,1,ABK,
Eki.26,18,B,1,0,0,1,0,ABK,
Eki.26,18,B,3,0,0,0,1,ABK,
Eki.26,18,B,5,0,0,1,1,ABK,
Eki.26,18,B,1,1,1,0,0,ABK,
Eki.26,18,B,1,1,1,0,1,ABK,
Eki.26,18,B,2,1,1,1,1,ABK,
Eki.26,18,B,1,0,1,1,1,ABK,
Eki.26,18,B,1,1,1,1,0,ABK,
Eki.26,18,B,2,0,0,0,0,ABK,
Eki.26,19,B,4,1,1,1,1,ABK,
Eki.26,19,B,4,0,0,1,0,ABK,
Eki.26,19,B,5,1,1,1,0,ABK,
Eki.26,19,B,3,0,0,1,1,ABK,
Eki.26,19,B,13,0,0,0,0,ABK,
Eki.26,19,B,3,0,0,0,1,ABK,
Eki.26,20,B,6,1,1,1,1,ABK,
Eki.26,20,B,4,0,0,0,1,ABK,
Eki.26,20,B,1,0,0,1,1,ABK,
Eki.26,20,B,1,1,1,1,0,ABK,
Eki.26,20,B,2,0,0,1,0,ABK,
Eki.26,20,B,3,0,0,0,0,ABK,
Eki.26,20,B,1,0,1,0,1,ABK,
Eki.26,20,B,2,1,1,0,0,ABK,
Eki.26,20,B,1,1,1,1,0,ABK,
Eki.26,30,B,2,1,1,0,0,ABK,
Eki.26,30,B,2,0,0,1,0,ABK,
Eki.26,30,B,1,0,0,0,0,ABK,
Eki.26,30,B,2,0,0,0,1,ABK,
Eki.26,30,B,1,0,0,1,1,ABK,
Eki.26,30,B,3,1,1,1,1,ABK,
Eki.26,30,B,1,1,1,1,0,ABK,
Eki.26,30,B,1,0,1,0,1,ABK,
Eki.26,30,B,1,1,1,1,1,ABK,
Eki.26,30,B,2,0,0,1,1,ABK,
Eki.26,30,B,1,0,0,0,1,ABK,
Eki.26,30,B,2,1,1,1,0,ABK,
Eki.26,30,B,2,1,1,0,0,ABK,
Eki.26,29,B,2,0,0,1,0,ABK,
Eki.26,29,B,3,0,0,0,1,ABK,
Eki.26,29,B,3,0,0,0,0,ABK,
Eki.26,29,B,1,1,1,0,0,ABK,
Eki.26,29,B,1,1,1,1,0,ABK,
Eki.26,26,B,1,1,1,1,0,ABK,
Eki.26,26,B,3,1,1,1,1,ABK,
Eki.26,26,B,1,0,1,0,0,ABK,
Eki.26,26,B,3,0,0,1,1,ABK,
Eki.26,26,B,1,1,1,0,1,ABK,
Eki.26,26,B,1,0,0,0,0,ABK,
Eki.26,25,B,2,0,0,1,0,ABK,
Eki.26,25,B,3,1,1,1,0,ABK,
Eki.26,25,B,1,0,0,0,0,ABK,
Eki.26,25,B,4,0,0,0,1,ABK,
Eki.26,25,B,5,1,1,1,1,ABK,
Eki.26,25,B,2,0,1,1,1,ABK,
Eki.26,25,B,1,0,1,1,0,ABK,
Eki.26,24,B,4,0,0,0,0,ABK,
Eki.26,24,B,3,1,1,1,0,ABK,
Eki.26,24,B,2,1,1,1,1,ABK,
Eki.26,24,B,1,0,1,1,1,ABK,
Eki.26,24,B,4,0,0,0,1,ABK,
Eki.26,24,B,1,0,0,1,1,ABK,
Eki.26,24,B,2,0,0,1,0,ABK,
Eki.26,24,B,1,0,1,0,0,ABK,
Eki.26,24,B,1,0,1,1,1,ABK,
Eki.26,24,B,1,0,0,0,0,ABK,
Eki.26,24,B,1,0,1,0,1,ABK,
Eki.26,23,B,4,0,0,0,1,ABK,
Eki.26,23,B,3,0,0,0,0,ABK,
Eki.26,23,B,2,0,0,1,0,ABK,
Eki.26,23,B,2,0,0,1,1,ABK,
Eki.26,23,B,2,1,1,0,0,ABK,
Eki.26,8,A,4,0,0,0,1,ABK,
Eki.26,8,A,10,0,0,0,0,ABK,
Eki.26,8,A,2,1,1,1,1,ABK,
Eki.26,8,A,3,1,1,0,1,ABK,
Eki.26,8,A,1,0,0,1,1,ABK,
Eki.26,8,A,1,0,0,1,0,ABK,
Eki.26,8,A,3,1,1,1,0,ABK,
Eki.26,22,A,2,0,0,1,0,ABK,
Eki.26,22,A,4,0,0,1,1,ABK,
Eki.26,22,A,3,0,0,0,0,ABK,
Eki.26,22,A,1,1,1,1,1,ABK,
Eki.26,22,A,1,0,0,0,1,ABK,
Eki.26,22,A,2,1,1,1,0,ABK,
Eki.26,21,A,5,0,0,0,0,ABK,
Eki.26,21,A,4,1,1,1,1,ABK,
Eki.26,21,A,5,1,1,1,0,ABK,
Eki.26,21,A,1,1,1,0,1,ABK,
Eki.26,21,A,1,0,1,1,1,ABK,
Eki.26,21,A,1,0,0,1,1,ABK,
Eki.26,21,A,2,1,1,0,0,ABK,
Eki.26,21,A,3,0,0,0,1,ABK,
Eki.26,21,A,1,0,0,1,0,ABK,
Eki.26,48,A,2,0,0,1,0,ABK,
Eki.26,48,A,2,0,0,0,0,ABK,
Eki.26,48,A,2,0,0,1,1,ABK,
Eki.26,48,A,2,1,1,0,1,ABK,
Eki.26,48,A,2,1,1,0,0,ABK,
Eki.26,48,A,1,1,1,1,0,ABK,
Eki.26,48,A,1,1,1,1,1,ABK,
Eki.26,49,A,3,0,0,1,0,UHA,
Eki.26,49,A,2,0,0,1,1,UHA,
Eki.26,49,A,3,1,1,1,1,UHA,
Eki.26,49,A,4,0,0,0,0,UHA,
Eki.26,49,A,2,0,0,0,1,UHA,
Eki.26,49,A,2,1,1,0,0,UHA,
Eki.26,49,A,3,1,1,1,0,UHA,
Eki.26,44,A,2,1,1,0,0,HNT,
Eki.26,44,A,2,1,1,0,1,HNT,
Eki.26,44,A,2,0,0,0,0,HNT,
Eki.26,44,A,6,0,0,0,1,HNT,
Eki.26,44,A,3,0,0,1,0,HNT,
Eki.26,44,A,3,0,0,1,1,HNT,
Eki.26,44,A,3,1,1,1,0,HNT,
Eki.26,44,A,2,1,1,1,1,HNT,
Eki.26,45,A,2,0,0,1,1,HNT,
Eki.26,45,A,1,1,1,1,0,HNT,
Eki.26,45,A,3,1,1,1,1,HNT,
Eki.26,45,A,3,1,1,0,0,HNT,
Eki.26,45,A,4,0,0,0,0,HNT,
Eki.26,45,A,1,0,0,0,1,HNT,
Eki.26,39,A,4,0,0,0,0,HNT,
Eki.26,39,A,1,0,0,0,1,HNT,
Eki.26,39,A,5,1,1,0,0,HNT,
Eki.26,39,A,4,1,1,0,1,HNT,
Eki.26,39,A,2,0,0,1,0,HNT,
Eki.26,39,A,4,0,0,1,1,HNT,
Eki.26,39,A,1,1,1,1,0,HNT,
Eki.26,39,A,4,1,1,1,1,HNT,
Eki.26,20,A,1,1,1,1,0,HNT,
Eki.26,20,A,3,1,1,1,1,HNT,
Eki.26,20,A,6,0,0,1,0,HNT,
Eki.26,20,A,4,0,0,1,1,HNT,
Eki.26,20,A,3,0,0,0,0,HNT,
Eki.26,20,A,3,0,0,0,1,HNT,
Eki.26,20,A,1,1,1,0,1,HNT,
Eki.26,20,A,3,1,1,0,0,HNT,
Eki.26,18,A,2,0,0,1,0,HNT,
Eki.26,18,A,4,0,0,1,1,HNT,
Eki.26,18,A,3,0,0,0,0,HNT,
Eki.26,18,A,2,0,0,0,1,HNT,
Eki.26,18,A,3,1,1,0,0,HNT,
Eki.26,18,A,3,1,1,0,1,HNT,
Eki.26,17,A,8,0,0,0,0,HNT,
Eki.26,17,A,5,0,0,0,1,HNT,
Eki.26,17,A,3,1,1,0,0,HNT,
Eki.26,17,A,3,0,0,1,1,HNT,
Eki.26,17,A,6,1,1,1,0,HNT,
Eki.26,17,A,1,1,1,1,1,HNT,
Eki.26,15,A,2,1,1,0,0,HNT,
Eki.26,15,A,1,1,1,0,1,HNT,
Eki.26,15,A,2,0,0,0,0,HNT,
Eki.26,15,A,2,0,0,0,1,HNT,
Eki.26,15,A,1,0,0,1,0,HNT,
Eki.26,15,A,4,1,1,1,0,HNT,
Eki.26,15,A,6,1,1,1,1,HNT,
Eki.26,23,A,3,0,0,0,0,HNT,
Eki.26,23,A,1,0,0,1,1,HNT,
Eki.26,13,A,2,0,0,0,0,HNT,
Eki.26,13,A,1,0,0,0,1,HNT,
Eki.26,13,A,1,1,1,0,0,HNT,
Eki.26,13,A,5,1,1,1,1,HNT,
Eki.26,13,A,1,1,1,1,0,HNT,
Eki.26,13,A,1,0,0,1,1,HNT,
Eki.26,12,A,1,0,0,0,1,HNT,
Eki.26,12,A,2,1,1,1,1,HNT,
Eki.26,12,A,2,1,1,1,0,HNT,
Eki.26,12,A,2,0,0,1,1,HNT,
Eki.26,12,A,1,0,0,1,0,HNT,
Eki.26,41,A,3,1,1,0,1,HNT,
Eki.26,41,A,1,1,1,0,0,HNT,
Eki.26,41,A,7,0,0,0,0,HNT,
Eki.26,41,A,3,0,0,0,1,HNT,
Eki.26,41,A,2,0,0,1,0,HNT,
Eki.26,41,A,2,0,0,1,1,HNT,
Eki.26,41,A,2,1,1,1,0,HNT,
Eki.26,41,A,6,1,1,1,1,HNT,
Eki.26,37,A,5,0,0,1,1,HNT,
Eki.26,37,A,1,0,0,1,0,HNT,
Eki.26,37,A,5,1,1,1,1,HNT,
Eki.26,37,A,4,1,1,1,0,HNT,
Eki.26,37,A,1,1,1,0,0,HNT,
Eki.26,37,A,2,1,1,0,1,HNT,
Eki.26,37,A,3,0,0,0,0,HNT,
Eki.26,37,A,2,0,0,0,1,HNT,
Eki.26,24,A,2,0,0,0,1,HNT,
Eki.26,24,A,1,0,0,0,0,HNT,
Eki.26,24,A,4,1,1,0,1,HNT,
Eki.26,24,A,4,1,1,1,0,HNT,
Eki.26,24,A,1,1,1,1,1,HNT,
Eki.26,34,A,2,1,1,0,1,HNT,
Eki.26,34,A,3,0,0,0,1,HNT,
Eki.26,34,A,3,0,0,0,0,HNT,
Eki.26,34,A,2,1,1,1,0,HNT,
Eki.26,34,A,1,0,0,1,1,HNT,
Eki.26,35,A,7,1,1,1,1,HNT,
Eki.26,35,A,5,1,1,1,0,HNT,
Eki.26,35,A,7,0,0,1,1,HNT,
Eki.26,35,A,1,0,0,1,0,HNT,
Eki.26,35,A,2,1,1,0,1,HNT,
Eki.26,35,A,3,1,1,0,0,HNT,
Eki.26,35,A,6,0,0,0,0,HNT,
Eki.26,35,A,5,0,0,0,1,HNT,
Eki.26,29,A,12,0,0,0,0,ABK,
Eki.26,29,A,2,1,1,0,0,ABK,
Eki.26,29,A,2,1,1,0,1,ABK,
Eki.26,29,A,4,0,0,0,1,ABK,
Eki.26,29,A,2,1,1,1,1,ABK,
Eki.26,29,A,4,0,0,1,1,ABK,
Eki.26,29,A,1,1,1,1,0,ABK,
Eki.26,19,A,4,0,0,0,0,ABK,
Eki.26,19,A,1,0,0,0,1,ABK,
Eki.26,19,A,4,0,0,1,1,ABK,
Eki.26,19,A,5,0,0,1,0,ABK,
Eki.26,19,A,5,1,1,1,1,ABK,
Eki.26,19,A,4,1,1,1,0,ABK,
Eki.26,16,A,8,0,0,0,0,ABK,
Eki.26,16,A,2,1,1,0,0,ABK,
Eki.26,16,A,2,1,1,0,1,ABK,
Eki.26,16,A,2,0,0,0,1,ABK,
Eki.26,16,A,3,1,1,1,1,ABK,
Eki.26,16,A,5,0,0,1,1,ABK,
Eki.26,16,A,2,1,1,1,0,ABK,
Eki.26,16,A,5,0,0,1,0,ABK,
Eki.26,31,A,1,0,0,0,0,ABK,
Eki.26,31,A,2,1,1,0,0,ABK,
Eki.26,31,A,2,0,0,0,1,ABK,
Eki.26,31,A,7,0,0,1,1,ABK,
Eki.26,31,A,4,1,1,1,1,ABK,
Eki.26,31,A,3,0,0,1,0,ABK,
Eki.26,31,A,3,1,1,1,0,ABK,
Eki.26,38,A,4,0,0,0,1,ABK,
Eki.26,38,A,1,1,1,0,1,ABK,
Eki.26,38,A,7,0,0,0,0,ABK,
Eki.26,38,A,3,1,1,0,0,ABK,
Eki.26,38,A,3,1,1,1,0,ABK,
Eki.26,38,A,2,0,0,1,1,ABK,
Eki.26,38,A,2,1,1,1,1,ABK,
Eki.26,38,A,3,0,0,1,0,ABK,
Eki.26,36,A,2,0,0,0,0,ABK,
Eki.26,36,A,4,0,0,0,1,ABK,
Eki.26,36,A,2,1,1,0,1,ABK,
Eki.26,36,A,6,1,1,1,1,ABK,
Eki.26,36,A,3,0,0,1,0,ABK,
Eki.26,36,A,5,1,1,1,0,ABK,
Eki.26,32,A,3,1,1,1,1,ABK,
Eki.26,32,A,2,0,0,1,1,ABK,
Eki.26,32,A,2,0,0,1,0,ABK,
Eki.26,32,A,13,0,0,0,0,ABK,
Eki.26,32,A,11,0,0,0,1,ABK,
Eki.26,29,B,2,0,0,0,0,AKT,
Eki.26,37,B,1,0,0,1,1,AKT,
Eki.26,37,B,1,0,0,1,0,AKT,
Eki.26,37,B,3,1,1,1,1,AKT,
Eki.26,36,B,3,0,0,1,1,AKT,
Eki.26,36,B,2,1,1,1,0,AKT,
Eki.26,36,B,1,1,1,1,1,AKT,
Eki.26,35,B,1,0,0,0,1,AKT,
Eki.26,35,B,1,0,1,0,0,AKT,
Eki.26,35,B,1,1,1,0,0,AKT,
Eki.26,35,B,1,0,0,1,0,AKT,
Eki.26,35,B,3,0,0,1,1,AKT,
Eki.26,34,B,5,0,0,0,0,AKT,
Eki.26,34,B,1,0,0,1,0,AKT,
Eki.26,34,B,3,0,0,1,1,AKT,
Eki.26,34,B,2,1,1,1,1,AKT,
Eki.26,32,B,2,0,0,0,0,AKT,
Eki.26,32,B,1,1,1,1,0,AKT,
Eki.26,32,B,1,1,1,1,1,AKT,
Eki.26,31,B,2,1,1,0,1,AKT,
Eki.26,31,B,1,0,0,0,1,AKT,
Eki.26,31,B,1,0,1,0,1,AKT,
Eki.26,31,B,1,0,0,0,0,AKT,
Eki.26,31,B,1,1,1,1,0,AKT,
Eki.26,21,B,3,0,0,0,0,AKT,
Eki.26,21,B,3,1,1,0,1,AKT,
Eki.26,21,B,2,0,1,0,1,AKT,
Eki.26,21,B,2,0,0,0,1,AKT,
Eki.26,21,B,1,0,0,1,0,AKT,
Eki.26,21,B,1,1,1,1,0,AKT,
Eki.26,21,B,3,1,1,1,1,AKT,
Eki.26,22,B,2,0,0,0,0,AKT,
Eki.26,22,B,6,0,0,0,0,AKT,
Eki.26,22,B,1,1,1,0,1,AKT,
Eki.26,22,B,1,0,1,0,1,AKT,
Eki.26,22,B,3,0,0,0,1,AKT,
Eki.26,22,B,5,0,0,0,1,AKT,
Eki.26,22,B,2,1,1,1,0,AKT,
Eki.26,22,B,3,0,0,1,1,AKT,
Eki.26,21,B,2,0,0,0,0,AKT,
Eki.26,21,B,1,1,1,0,0,AKT,
Eki.26,21,B,1,0,0,1,0,AKT,
Eki.26,21,B,1,0,0,1,1,AKT,
Eki.26,21,B,1,1,1,1,0,AKT,
Eki.26,21,B,2,1,1,1,1,AKT,
Eki.26,12,B,1,0,1,0,0,AKT,
Eki.26,12,B,3,0,0,0,0,AKT,
Eki.26,12,D,1,1,1,0,0,AKT,
Eki.26,12,D,1,1,1,0,1,AKT,
Eki.26,12,D,2,0,0,1,1,AKT,
Eki.26,12,D,1,1,1,1,1,AKT,
Eki.26,17,D,2,1,1,1,1,AKT,
Eki.26,17,D,1,0,0,0,0,AKT,
Eki.26,17,D,1,1,1,0,0,AKT,
Eki.26,17,D,1,0,0,0,1,AKT,
Eki.26,2,B,1,0,0,0,0,UHA,
Eki.26,2,B,1,0,0,1,0,UHA,
Eki.26,2,B,1,0,1,1,1,UHA,
Eki.26,2,B,2,0,0,0,1,UHA,
Eki.26,2,B,1,0,0,0,0,UHA,
Eki.26,7,B,2,0,0,0,0,UHA,
Eki.26,7,B,2,0,0,1,1,UHA,
Eki.26,8,B,2,0,0,0,0,UHA,
Eki.26,8,B,2,0,0,0,1,UHA,
Eki.26,8,B,2,0,0,1,0,UHA,
Eki.26,8,B,1,0,1,1,1,UHA,
Eki.26,8,B,2,1,1,1,0,UHA,
Eki.27,21,A,1,0,0,0,1,UHA,
Eki.27,21,A,1,1,1,1,0,UHA,
Eki.27,21,A,4,0,0,0,0,UHA,
Eki.27,21,A,2,0,0,1,0,UHA,
Eki.27,21,A,1,0,1,1,0,UHA,
Eki.27,21,A,1,0,0,1,1,UHA,
Eki.27,21,A,2,1,1,1,1,UHA,
Eki.27,21,A,1,1,1,0,0,UHA,
Eki.27,41,A,5,0,0,0,0,UHA,
Eki.27,41,A,3,0,0,1,1,UHA,
Eki.27,41,A,2,1,1,0,0,UHA,
Eki.27,41,A,1,1,1,1,0,UHA,
Eki.27,41,A,3,1,1,1,1,UHA,
Eki.27,41,A,1,0,1,1,1,UHA,
Eki.27,41,A,1,1,1,0,1,UHA,
Eki.27,41,A,2,0,0,0,1,UHA,
Eki.27,19,A,2,0,0,0,0,UHA,
Eki.27,18,A,1,0,0,1,1,UHA,
Eki.27,38,A,5,0,0,0,0,UHA,
Eki.27,38,A,8,0,0,0,1,UHA,
Eki.27,38,A,1,1,1,0,1,UHA,
Eki.27,38,A,2,1,1,1,0,UHA,
Eki.27,38,A,1,0,0,1,0,UHA,
Eki.27,35,A,4,0,0,0,0,UHA,
Eki.27,35,A,1,0,1,1,0,UHA,
Eki.27,35,A,2,0,0,1,1,UHA,
Eki.27,35,A,1,0,0,1,0,UHA,
Eki.27,35,A,1,0,0,0,1,UHA,
Eki.27,35,A,2,1,1,1,0,UHA,
Eki.26,39,B,1,0,0,0,1,NRR,
Eki.26,1,B,3,1,1,1,1,NRR,
Eki.26,1,B,2,1,1,1,1,NRR,
Eki.26,1,B,2,0,0,1,1,NRR,
Eki.26,1,B,1,0,0,0,1,NRR,
Eki.26,1,B,1,1,1,0,0,NRR,
Eki.26,1,B,1,0,1,1,1,NRR,
Eki.26,34,B,1,0,1,0,1,NRR,
Eki.26,34,B,1,1,1,0,0,NRR,
Eki.26,34,B,1,0,1,1,1,NRR,
Eki.26,34,B,1,1,1,1,0,NRR,
Eki.26,34,B,1,0,0,1,0,NRR,
Eki.26,26,B,1,0,0,0,1,NRR,
Eki.26,26,B,2,0,0,1,1,NRR,
Eki.26,37,B,1,1,1,0,1,NRR,
Eki.26,37,B,3,0,0,1,1,NRR,
Eki.26,37,B,1,1,1,1,0,NRR,
Eki.26,36,B,1,0,0,1,0,NRR,
Eki.26,25,B,1,0,0,1,1,NRR,
Eki.26,25,B,2,1,1,1,0,NRR,
Eki.26,7,C,1,0,0,1,1,NRR,
Eki.26,7,C,1,0,0,0,1,NRR,
Eki.26,7,C,2,1,1,0,0,NRR,
Eki.26,7,C,1,1,1,1,0,NRR,
Eki.26,5,C,1,1,1,1,1,NRR,
Eki.26,2,C,1,0,0,0,1,NRR,
Eki.26,1,C,1,0,0,0,1,NRR,
Eki.26,1,C,1,1,1,1,1,NRR,
Eki.26,8,C,1,0,0,1,0,NRR,
Eki.26,13,C,1,1,1,0,0,NRR,
Eki.26,12,C,1,1,1,1,0,NRR,
Eki.26,12,C,1,0,0,1,0,NRR,
Eki.26,12,C,1,0,0,1,1,NRR,
Eki.27,1,C,3,1,1,0,0,NRR,
Eki.27,1,C,1,0,0,0,1,NRR,
Eki.27,1,C,1,0,0,1,1,NRR,
Eki.27,1,C,2,1,1,1,0,NRR,
Eki.27,2,C,1,0,0,0,1,NRR,
Eki.27,2,C,1,1,1,0,0,NRR,
Eki.27,2,C,1,1,1,1,0,NRR,
Eki.27,2,C,1,1,1,1,1,NRR,
Eki.27,5,C,1,0,0,1,1,NRR,
Eki.27,5,C,1,1,1,1,1,NRR,
Eki.27,5,C,1,1,1,1,0,NRR,
Eki.27,5,C,3,0,0,0,1,NRR,
Eki.27,5,C,1,1,1,0,1,NRR,
Eki.27,6,C,2,0,0,1,0,NRR,
Eki.27,6,C,1,0,1,1,1,NRR,
Eki.27,6,C,1,0,1,1,1,NRR,
Eki.27,7,C,1,0,0,0,1,NRR,
Eki.27,7,C,1,1,1,0,1,NRR,
Eki.27,7,C,1,1,1,0,0,NRR,
Eki.27,7,C,3,1,1,1,0,NRR,
Eki.27,7,C,1,0,1,1,1,NRR,
Eki.27,7,C,1,0,0,1,1,NRR,
Eki.27,7,C,1,1,1,1,1,NRR,
Eki.27,8,C,1,0,0,0,1,NRR,
Eki.27,8,C,2,0,0,1,0,NRR,
Eki.27,8,C,1,0,0,1,1,NRR,
Eki.27,8,C,3,0,1,1,1,NRR,
Eki.27,9,C,1,0,0,0,1,NRR,
Eki.27,9,C,1,1,1,0,1,NRR,
Eki.27,9,C,1,1,1,1,0,NRR,
Eki.27,12,C,1,1,1,0,0,NRR,
Eki.27,12,C,1,1,1,1,1,NRR,
Eki.27,12,C,1,1,1,1,0,NRR,
Eki.27,13,C,2,0,0,1,0,NRR,
Eki.27,13,C,1,0,0,1,1,NRR,
Eki.27,13,C,1,1,1,1,1,NRR,
Eki.27,13,C,1,0,0,0,1,NRR,
Eki.27,13,C,3,1,1,0,0,NRR,
Eki.27,15,C,1,0,0,1,0,NRR,
Eki.27,16,C,1,0,0,1,0,NRR,
Eki.27,16,C,1,1,1,0,0,NRR,
Eki.27,16,C,1,1,1,1,1,NRR,
Eki.27,17,C,1,0,0,1,1,NRR,
Eki.27,18,C,1,0,0,1,1,NRR,
Eki.27,22,C,1,0,0,0,1,NRR,
Eki.27,22,C,1,1,1,1,1,NRR,
Eki.27,24,C,1,0,0,0,1,NRR,
Eki.27,24,C,1,0,1,1,0,NRR,
Eki.27,24,C,1,0,0,1,0,NRR,
Eki.27,25,C,1,1,1,1,1,NRR,
Eki.27,32,B,1,0,0,0,1,NRR,
Eki.27,32,B,1,1,1,0,1,NRR,
Eki.27,32,B,2,1,1,1,0,NRR,
Eki.27,32,B,1,0,0,1,1,NRR,
Eki.27,34,A,3,0,0,0,1,UHA,
Eki.27,34,A,3,1,1,0,0,UHA,
Eki.27,34,A,3,1,1,1,0,UHA,
Eki.27,34,A,3,1,1,1,1,UHA,
Eki.27,34,A,2,0,0,0,0,UHA,
Eki.27,34,A,1,0,0,1,1,UHA,
Eki.27,16,A,1,1,1,1,1,UHA,
Eki.27,6,A,1,1,1,1,0,UHA,
Eki.27,16,A,1,0,0,1,1,UHA,
Eki.27,32,A,4,1,1,1,0,UHA,
Eki.27,32,A,1,0,0,1,1,UHA,
Eki.27,32,A,2,0,0,1,0,UHA,
Eki.27,10,A,2,1,1,1,1,UHA,
Eki.27,10,A,2,0,0,0,1,UHA,
Eki.27,30,A,1,0,0,0,1,UHA,
Eki.27,30,A,1,0,0,0,0,UHA,
Eki.27,8,A,1,1,1,1,1,UHA,
Eki.27,8,A,1,1,1,1,0,UHA,
Eki.27,8,A,1,1,1,0,0,UHA,
Eki.27,8,A,2,0,0,0,0,UHA,
Eki.27,8,A,1,0,0,0,1,UHA,
Eki.27,31,A,1,1,1,1,1,UHA,
Eki.27,31,A,3,1,1,1,0,UHA,
Eki.27,31,A,2,0,0,1,1,UHA,
Eki.27,31,A,1,0,0,0,1,UHA,
Eki.27,31,A,1,0,0,0,0,UHA,
Eki.27,45,A,2,1,1,0,0,UHA,
Eki.27,45,A,1,1,1,0,1,UHA,
Eki.27,45,A,3,1,1,1,0,UHA,
Eki.27,45,A,1,0,0,1,0,UHA,
Eki.27,45,A,3,0,0,0,0,UHA,
Eki.27,7,A,2,1,1,1,1,UHA,
Eki.27,7,A,2,0,1,1,1,UHA,
Eki.27,7,A,1,0,0,1,1,UHA,
Eki.27,7,A,2,0,0,0,0,UHA,
Eki.27,7,A,1,0,0,1,0,UHA,
Eki.27,7,A,1,0,0,0,1,UHA,
Eki.27,7,A,2,1,1,0,0,UHA,
Eki.27,49,A,3,0,0,0,1,UHA,
Eki.27,49,A,3,0,0,0,0,UHA,
Eki.27,49,A,1,0,1,1,1,UHA,
Eki.27,49,A,1,0,0,1,1,UHA,
Eki.27,49,A,1,1,1,1,1,UHA,
Eki.27,48,A,4,1,1,1,1,UHA,
Eki.27,48,A,5,0,0,0,0,NRR,
Eki.27,48,A,8,0,0,0,1,NRR,
Eki.27,48,A,4,1,1,0,0,NRR,
Eki.27,1,A,1,0,0,1,0,NRR,
Eki.27,1,A,2,0,0,1,1,NRR,
Eki.27,1,A,1,1,1,1,1,NRR,
Eki.27,2,A,2,0,0,0,1,NRR,
Eki.27,25,A,1,1,1,1,0,NRR,
Eki.27,43,A,2,0,0,0,0,NRR,
Eki.27,43,A,1,0,1,1,1,NRR,
Eki.27,43,A,1,1,1,0,0,NRR,
Eki.27,43,A,1,1,1,1,0,NRR,
Eki.27,43,A,2,1,1,1,1,NRR,
Eki.27,25,A,1,1,1,0,0,NRR,
Eki.27,25,A,1,1,1,1,1,NRR,
Eki.27,25,A,1,1,1,1,0,NRR,
Eki.27,25,A,1,0,0,1,0,NRR,
Eki.27,22,A,2,1,1,1,0,NRR,
Eki.27,22,A,3,0,0,1,0,NRR,
Eki.27,22,A,4,0,0,0,1,NRR,
Eki.27,22,A,2,0,0,0,0,NRR,
Eki.27,44,A,3,0,0,0,1,NRR,
Eki.27,44,A,1,0,0,0,0,NRR,
Eki.27,44,A,2,0,0,1,0,NRR,
Eki.27,44,A,2,0,0,1,1,NRR,
Eki.27,44,A,1,1,1,1,0,NRR,
Eki.27,44,A,1,1,1,1,1,NRR,
Eki.27,26,A,4,1,1,1,1,NRR,
Eki.27,26,A,1,1,1,0,1,NRR,
Eki.27,26,A,2,0,0,0,1,NRR,
Eki.27,26,A,1,0,0,1,1,NRR,
Eki.27,49,B,1,0,0,1,1,NRR,
Eki.27,49,B,2,1,1,1,1,NRR,
Eki.27,49,B,1,0,0,1,0,NRR,
Eki.27,49,B,1,1,1,1,0,NRR,
Eki.27,49,B,3,0,0,0,1,NRR,
Eki.27,49,B,5,0,0,0,0,NRR,
Eki.27,34,B,1,0,0,0,1,NRR,
Eki.27,34,B,1,0,0,1,1,NRR,
Eki.27,35,B,1,1,1,1,0,NRR,
Eki.27,35,B,1,0,0,0,1,NRR,
Eki.27,35,B,1,1,1,0,0,NRR,
Eki.27,35,B,1,0,0,1,0,NRR,
Eki.27,36,B,3,0,0,0,0,NRR,
Eki.27,36,B,3,0,0,1,0,NRR,
Eki.27,36,B,2,0,0,0,1,NRR,
Eki.27,36,B,2,0,0,1,1,NRR,
Eki.27,36,B,1,1,1,1,0,NRR,
Eki.27,49,B,1,1,1,0,0,NRR,
Eki.27,49,B,5,0,0,0,0,NRR,
Eki.27,49,B,1,1,1,1,0,NRR,
Eki.27,49,B,1,1,1,1,1,NRR,
Eki.27,49,B,1,1,1,0,0,NRR,
Eki.27,49,B,1,1,1,1,1,NRR,
Eki.27,41,B,1,0,0,1,0,NRR,
Eki.27,41,B,1,0,0,1,1,NRR,
Eki.27,31,B,2,0,0,1,1,NRR,
Eki.27,31,B,2,1,1,1,0,NRR,
Eki.27,31,B,4,0,0,0,0,UHA,
Eki.27,31,B,3,0,0,1,0,UHA,
Eki.27,48,B,2,1,1,1,1,UHA,
Eki.27,48,B,3,1,1,0,0,UHA,
Eki.27,48,B,1,0,0,1,0,UHA,
Eki.27,48,B,1,0,0,0,1,UHA,
Eki.27,48,B,2,0,0,0,0,UHA,
Eki.27,48,B,1,1,1,1,0,UHA,
Eki.27,43,B,1,1,1,1,0,UHA,
Eki.27,44,B,3,1,1,0,0,UHA,
Eki.27,44,B,4,0,0,0,0,UHA,
Eki.27,44,B,1,0,0,1,0,UHA,
Eki.27,44,B,1,0,0,0,1,UHA,
Eki.27,45,B,1,0,0,0,1,UHA,
Eki.27,45,B,1,1,1,0,1,UHA,
Eki.27,45,B,1,0,0,1,1,UHA,
Eki.28,2,B,3,1,1,0,0,KEW,
Eki.28,2,B,1,1,1,0,1,KEW,
Eki.28,2,B,2,0,0,0,0,KEW,
Eki.28,2,B,1,0,0,1,0,KEW,
Eki.28,2,B,1,1,0,1,1,KEW,
Eki.28,2,B,1,1,1,1,1,KEW,
Eki.28,5,B,2,1,1,1,0,KEW,
Eki.28,5,B,1,1,1,1,1,KEW,
Eki.28,5,B,1,1,1,0,0,KEW,
Eki.28,5,B,1,0,0,0,1,KEW,
Eki.28,5,B,1,1,0,0,1,KEW,
Eki.28,5,B,1,0,0,0,0,KEW,
Eki.28,6,B,1,0,0,1,1,KEW,
Eki.28,6,B,1,1,1,1,0,KEW,
Eki.28,6,B,2,1,0,1,1,KEW,
Eki.28,6,B,2,0,0,0,0,KEW,
Eki.28,6,B,1,1,0,0,1,KEW,
Eki.28,7,B,3,0,0,0,0,KEW,
Eki.28,7,B,1,1,0,0,0,KEW,
Eki.28,7,B,1,0,0,0,1,KEW,
Eki.28,7,B,1,0,0,1,1,KEW,
Eki.28,7,B,2,1,1,1,1,KEW,
Eki.28,7,B,2,0,0,1,0,KEW,
Eki.28,7,B,3,1,1,1,0,KEW,
Eki.28,8,B,1,0,1,1,1,KEW,
Eki.28,8,B,4,0,0,0,1,KEW,
Eki.28,8,B,2,0,0,0,0,KEW,
Eki.28,9,B,2,1,1,1,1,KEW,
Eki.28,9,B,1,1,0,1,1,KEW,
Eki.28,9,B,1,0,0,1,1,KEW,
Eki.28,9,B,1,1,1,1,0,KEW,
Eki.28,9,B,3,0,0,0,0,KEW,
Eki.28,9,B,1,0,0,0,1,KEW,
Eki.28,12,B,2,0,0,1,1,KEW,
Eki.28,12,B,2,1,1,1,1,KEW,
Eki.28,12,B,1,0,0,0,0,KEW,
Eki.28,12,B,1,1,1,0,1,KEW,
Eki.28,15,B,2,0,0,1,1,KEW,
Eki.28,15,B,2,1,1,1,0,KEW,
Eki.28,15,B,1,0,0,0,0,KEW,
Eki.28,16,B,1,1,0,1,1,KEW,
Eki.28,16,B,5,0,0,0,0,KEW,
Eki.28,17,B,1,0,0,0,1,KEW,
Eki.28,17,B,1,1,0,0,1,KEW,
Eki.28,17,B,3,0,0,0,0,KEW,
Eki.28,17,B,1,1,1,0,0,KEW,
Eki.28,17,B,1,0,0,1,1,KEW,
Eki.28,18,B,2,1,1,0,1,KEW,
Eki.28,18,B,1,0,0,0,0,KEW,
Eki.28,18,B,1,1,1,1,1,KEW,
Eki.28,18,B,1,1,0,1,1,KEW,
Eki.28,18,B,1,1,1,1,0,KEW,
Eki.28,19,B,1,1,1,1,0,KEW,
Eki.28,20,B,1,0,0,0,1,KEW,
Eki.28,20,B,1,1,1,0,1,KEW,
Eki.28,20,B,1,1,0,0,1,KEW,
Eki.28,20,B,1,0,0,0,0,KEW,
Eki.28,20,B,3,0,0,1,1,KEW,
Eki.28,20,B,1,0,0,0,1,KEW,
Eki.28,20,B,1,0,1,0,0,KEW,
Eki.28,20,B,1,1,1,1,0,KEW,
Eki.28,21,B,2,1,1,1,1,KEW,
Eki.28,21,B,2,0,0,1,1,KEW,
Eki.28,21,B,1,1,1,1,0,KEW,
Eki.28,21,B,1,1,1,0,1,KEW,
Eki.28,21,B,3,1,1,0,0,KEW,
Eki.28,22,B,1,1,1,0,1,KEW,
Eki.28,22,B,1,1,1,0,0,KEW,
Eki.28,22,B,1,1,0,1,0,KEW,
Eki.28,22,B,1,1,1,1,1,KEW,
Eki.28,22,B,1,0,0,1,1,KEW,
Eki.28,24,B,3,0,0,1,1,KEW,
Eki.28,24,B,1,1,1,1,1,KEW,
Eki.28,24,B,1,1,1,1,0,KEW,
Eki.28,20,A,2,1,1,1,1,UHA,
Eki.28,20,A,1,1,1,1,0,UHA,
Eki.28,20,A,1,0,0,0,0,UHA,
Eki.28,31,A,1,0,0,1,0,UHA,
Eki.28,31,A,2,0,0,1,1,UHA,
Eki.28,31,A,3,1,1,1,0,UHA,
Eki.28,31,A,3,0,0,0,0,UHA,
Eki.28,31,A,1,0,0,0,1,UHA,
Eki.28,32,A,2,0,0,0,1,UHA,
Eki.28,32,A,2,0,0,0,0,UHA,
Eki.28,32,A,1,1,1,1,1,UHA,
Eki.28,32,A,1,1,1,0,0,UHA,
Eki.28,32,A,2,0,0,1,1,UHA,
Eki.28,32,A,1,0,0,0,1,UHA,
Eki.28,43,A,3,0,0,0,1,UHA,
Eki.28,43,A,2,1,1,1,0,UHA,
Eki.28,43,A,1,1,1,1,1,KEW,
Eki.28,43,A,1,1,1,0,1,KEW,
Eki.28,22,A,1,1,1,1,0,KEW,
Eki.28,22,A,1,1,1,1,1,KEW,
Eki.28,22,A,1,0,0,1,0,KEW,
Eki.28,11,A,1,1,1,1,1,KEW,
Eki.28,11,A,1,0,1,1,1,KEW,
Eki.28,11,A,1,0,0,1,1,KEW,
Eki.28,38,A,1,0,1,0,1,KEW,
Eki.28,38,A,1,1,1,1,1,KEW,
Eki.28,38,A,1,1,1,1,0,KEW,
Eki.28,38,A,3,0,0,0,1,KEW,
Eki.28,38,A,1,0,0,1,0,KEW,
Eki.28,17,A,2,1,1,1,1,KEW,
Eki.28,17,A,1,0,0,1,1,KEW,
Eki.28,48,A,3,0,0,1,1,KEW,
Eki.28,48,A,1,1,1,1,0,KEW,
Eki.28,48,A,5,0,0,0,0,KEW,
Eki.28,48,A,1,1,1,0,0,KEW,
Eki.28,48,A,1,0,0,0,1,KEW,
Eki.28,48,A,1,0,0,1,0,KEW,
Eki.28,44,A,1,0,0,0,0,KEW,
Eki.28,44,A,1,1,1,0,0,KEW,
Eki.28,44,A,1,0,0,1,0,KEW,
Eki.28,44,A,1,0,0,0,1,KEW,
Eki.28,7,A,1,1,1,0,1,KEW,
Eki.28,7,A,1,0,1,0,1,KEW,
Eki.28,7,A,1,0,0,0,1,KEW,
Eki.28,7,A,1,0,0,1,0,KEW,
Eki.28,7,A,1,1,1,1,1,KEW,
Eki.28,41,A,1,0,1,1,0,KEW,
Eki.28,41,A,2,1,1,0,0,KEW,
Eki.28,41,A,2,0,0,0,0,KEW,
Eki.28,41,A,2,0,0,0,1,KEW,
Eki.28,41,A,4,1,1,1,1,KEW,
Eki.28,24,B,1,0,0,0,0,KEW,
Eki.28,25,B,2,0,0,0,1,KEW,
Eki.28,25,B,3,1,1,0,1,KEW,
Eki.28,25,B,1,1,0,1,1,KEW,
Eki.28,25,B,1,0,0,1,1,KEW,
Eki.28,25,B,1,1,1,1,0,KEW,
Eki.28,26,B,1,0,0,0,0,KEW,
Eki.28,26,B,1,1,0,0,0,KEW,
Eki.28,26,B,2,1,0,0,1,KEW,
Eki.28,26,B,1,0,0,1,0,KEW,
Eki.28,26,B,1,1,1,1,1,KEW,
Eki.28,37,B,2,0,0,0,1,KEW,
Eki.28,37,B,1,0,0,0,0,KEW,
Eki.28,37,B,1,1,1,1,1,KEW,
Eki.28,37,B,1,0,0,1,1,KEW,
Eki.28,29,B,1,1,1,1,0,KEW,
Eki.28,29,B,1,0,0,1,0,KEW,
Eki.28,29,B,1,0,0,1,1,KEW,
Eki.28,29,B,1,0,0,0,1,KEW,
Eki.28,29,B,1,1,0,0,1,KEW,
Eki.28,30,B,1,0,0,1,1,KEW,
Eki.28,30,B,1,0,0,1,0,KEW,
Eki.28,30,B,1,1,1,0,0,KEW,
Eki.28,31,B,3,0,0,1,1,KEW,
Eki.28,31,B,1,1,0,0,1,KEW,
Eki.28,31,B,3,1,1,1,0,KEW,
Eki.28,31,B,2,0,0,1,0,KEW,
Eki.28,31,B,2,1,1,0,1,KEW,
Eki.28,31,B,4,0,0,0,1,KEW,
Eki.28,31,B,2,0,0,0,0,KEW,
Eki.28,37,B,3,1,1,0,1,KEW,
Eki.28,37,B,2,1,1,0,0,KEW,
Eki.28,37,B,5,0,0,0,0,KEW,
Eki.28,37,B,3,1,1,1,1,KEW,
Eki.28,37,B,1,0,0,1,1,KEW,
Eki.28,37,B,1,0,0,1,0,KEW,
Eki.28,37,B,1,1,1,1,0,KEW,
Eki.28,41,B,1,0,1,1,0,UHA,
Eki.28,41,B,1,0,0,1,1,UHA,
Eki.28,41,B,1,1,1,1,1,UHA,
Eki.28,41,B,2,0,0,0,1,UHA,
Eki.28,41,B,2,0,0,0,0,UHA,
Eki.28,41,B,1,0,1,0,1,UHA,
Eki.28,39,B,1,0,0,0,0,UHA,
Eki.28,39,B,3,0,0,1,0,UHA,
Eki.28,39,B,1,0,1,1,0,UHA,
Eki.28,39,B,2,0,1,1,1,UHA,
Eki.28,39,B,2,1,1,1,1,UHA,
Eki.28,39,B,2,0,0,0,1,UHA,
Eki.28,39,B,2,0,0,1,1,UHA,
Eki.28,48,B,3,1,1,1,1,UHA,
Eki.28,48,B,1,1,1,0,0,UHA,
Eki.28,48,B,2,0,0,1,1,NRR,
Eki.28,48,B,1,0,0,1,0,NRR,
Eki.28,48,B,4,0,0,0,0,NRR,
Eki.28,48,B,2,0,0,0,1,NRR,
Eki.28,48,B,3,1,1,1,0,NRR,
Eki.28,48,B,1,0,1,0,1,NRR,
Eki.28,48,B,1,1,1,0,0,NRR,
Eki.28,44,B,2,0,1,0,0,NRR,
Eki.28,44,B,2,0,1,0,1,NRR,
Eki.28,44,B,3,1,1,1,0,NRR,
Eki.28,44,B,1,0,1,1,0,NRR,
Eki.28,44,B,2,0,1,1,1,NRR,
Eki.28,44,B,1,1,1,0,0,NRR,
Eki.28,44,B,1,0,1,0,1,NRR,
Eki.28,44,B,3,0,0,0,0,NRR,
Eki.28,44,B,2,1,1,1,1,NRR,
Eki.28,44,B,4,0,0,1,0,NRR,
Eki.28,49,B,2,0,1,1,1,NRR,
Eki.28,49,B,1,0,0,0,1,NRR,
Eki.28,49,B,2,1,1,1,0,NRR,
Eki.28,43,B,1,1,1,0,0,NRR,
Eki.28,43,B,3,0,0,0,0,NRR,
Eki.28,43,B,1,1,1,1,1,NRR,
Eki.28,43,B,3,0,1,0,1,NRR,
Eki.28,43,B,2,0,0,0,1,NRR,
Eki.28,43,B,1,0,1,1,0,NRR,
Eki.28,43,B,2,0,1,0,0,NRR,
Eki.28,43,B,1,1,1,1,0,NRR,
Eki.28,43,B,1,0,0,1,1,NRR,
Eki.28,43,B,1,0,1,1,1,NRR,
Eki.28,39,B,1,0,1,1,1,NRR,
Eki.28,39,B,2,1,1,1,0,NRR,
Eki.28,39,B,2,0,0,0,0,NRR,
Eki.28,39,B,1,1,1,0,0,NRR,
Eki.28,39,B,2,0,1,0,1,NRR,
Eki.28,39,B,3,0,0,0,1,NRR,
Eki.28,39,B,2,0,1,0,0,NRR,
Eki.28,36,B,2,0,0,0,0,NRR,
Eki.28,36,B,1,0,1,1,0,NRR,
Eki.28,36,B,1,0,1,1,1,NRR,
Eki.28,36,B,1,0,1,0,0,NRR,
Eki.28,36,B,2,0,0,0,1,NRR,
Eki.28,34,B,1,0,1,1,0,NRR,
Eki.28,34,B,1,1,1,1,1,NRR,
Eki.28,34,B,1,0,1,1,1,NRR,
Eki.28,34,B,1,1,1,1,0,NRR,
Eki.28,34,B,1,0,0,0,0,NRR,
Eki.28,30,C,1,0,0,1,1,NRR,
Eki.28,30,C,1,0,0,1,0,NRR,
Eki.28,30,C,3,0,0,0,1,NRR,
Eki.28,30,C,1,1,1,0,0,NRR,
Eki.28,24,C,1,0,1,1,0,NRR,
Eki.28,24,C,3,0,0,1,1,NRR,
Eki.28,24,C,1,1,1,0,1,NRR,
Eki.28,24,C,1,0,0,0,1,NRR,
Eki.28,15,C,1,0,0,1,0,NRR,
Eki.28,15,C,4,0,0,0,1,NRR,
Eki.28,15,C,2,0,1,0,1,NRR,
Eki.28,20,C,1,0,0,1,1,NRR,
Eki.28,20,C,2,1,1,0,0,NRR,
Eki.28,16,C,3,0,0,1,1,NRR,
Eki.28,17,C,1,0,0,0,1,NRR,
Eki.28,17,C,4,0,0,1,1,NRR,
Eki.28,17,C,2,0,0,1,0,NRR,
Eki.28,18,C,2,0,0,1,0,NRR,
Eki.28,18,C,1,1,1,1,1,NRR,
Eki.28,18,C,1,1,1,1,0,NRR,
Eki.28,18,C,1,0,0,1,1,NRR,
Eki.28,21,C,2,1,1,1,1,NRR,
Eki.28,19,C,1,0,0,1,0,NRR,
Eki.28,19,C,1,0,0,1,1,NRR,
Eki.28,19,C,1,1,1,1,0,NRR,
Eki.28,2,C,1,1,1,0,0,NRR,
Eki.28,1,C,1,0,0,1,1,NRR,
Eki.28,9,C,1,0,1,0,1,NRR,
Eki.28,9,C,3,0,0,0,1,NRR,
Eki.28,9,C,1,1,1,0,0,NRR,
Eki.28,9,C,2,1,1,0,1,NRR,
Eki.28,9,C,4,1,1,1,0,NRR,
Eki.28,9,C,1,0,0,1,1,NRR,
Eki.28,9,C,3,0,0,1,0,NRR,
Eki.28,9,C,3,1,1,1,1,NRR,
Eki.28,12,C,1,0,1,1,1,NRR,
Eki.28,12,C,1,0,1,1,0,NRR,
Eki.28,12,C,1,1,1,1,1,NRR,
Eki.28,12,C,1,0,0,1,1,NRR,
Eki.28,12,C,1,0,0,1,0,NRR,
Eki.28,12,C,2,1,1,0,1,NRR,
Eki.28,12,C,1,0,0,0,1,NRR,
Eki.28,12,C,2,1,1,0,0,NRR,
Eki.28,5,C,1,0,0,1,0,NRR,
Eki.28,5,C,1,0,0,1,1,NRR,
Eki.28,5,C,1,0,0,0,1,NRR,
Eki.28,5,C,1,1,1,0,1,NRR,
Eki.28,13,C,1,0,0,0,1,NRR,
Eki.28,13,C,1,1,1,1,0,NRR,
Eki.28,7,C,2,0,0,0,1,NRR,
Eki.28,7,C,1,1,1,0,1,NRR,
Eki.28,7,C,3,1,1,1,1,NRR,
Eki.28,7,C,1,1,1,1,0,NRR,
Eki.28,7,C,1,0,0,1,1,NRR,
Eki.28,6,C,4,0,0,0,1,NRR,
Eki.28,6,C,1,1,1,0,1,NRR,
Eki.28,6,C,1,0,1,0,0,NRR,
Eki.28,6,C,1,0,1,1,1,NRR,
Eki.28,6,C,1,1,1,1,1,NRR,
Eki.28,6,C,1,0,1,1,0,NRR,
Eki.28,6,C,2,0,0,1,0,NRR,
Eki.28,6,C,2,1,1,1,0,NRR,
Eki.28,6,C,1,0,1,1,1,NRR,
Eki.28,6,C,3,0,0,1,1,NRR,
Eki.28,25,C,2,1,1,0,1,NRR,
Eki.28,25,C,1,0,1,0,1,NRR,
Eki.28,25,C,1,1,1,0,0,NRR,
Eki.28,25,C,2,1,1,1,1,NRR,
Eki.28,25,C,3,0,0,1,1,NRR,
Eki.28,25,C,1,1,1,1,0,NRR,
Eki.28,25,C,1,0,1,1,1,NRR,
Eki.28,1,C,4,0,0,0,1,NRR,
Eki.28,1,C,1,1,1,0,1,NRR,
Eki.28,1,C,1,0,1,1,1,NRR,
Eki.28,1,C,2,1,1,1,1,NRR,
Eki.28,1,C,2,1,1,1,0,NRR,
Eki.28,1,C,1,0,0,1,1,NRR,
Eki.28,8,C,1,0,0,1,1,NRR,
Eki.28,8,C,1,0,1,1,1,NRR,
Eki.28,8,C,1,1,1,1,1,NRR,
Eki.28,8,C,2,1,1,0,0,NRR,
Eki.28,26,C,1,0,0,0,1,NRR,
Eki.28,26,C,1,1,1,1,1,NRR,
Eki.28,26,C,1,1,1,1,0,NRR,
Eki.28,22,C,1,0,0,0,1,NRR,
Eki.28,22,C,1,0,0,1,1,NRR,
Eki.28,22,C,1,0,1,1,1,NRR,
Eki.28,22,C,1,1,1,1,1,NRR,
Eki.28,22,C,1,1,1,1,0,NRR,
Eki.28,32,C,1,1,1,0,1,NRR,
Eki.28,32,C,1,0,0,1,1,NRR,
Eki.28,32,C,1,1,1,1,0,NRR,
Eki.28,29,C,1,1,1,0,0,NRR,
Eki.28,29,C,2,0,0,0,1,NRR,
Eki.28,29,C,1,0,0,1,1,NRR,
Eki.28,29,C,1,0,0,1,0,NRR,
Eki.28,36,C,1,1,1,0,0,NRR,
Eki.28,36,C,1,0,0,0,1,NRR,
Eki.28,36,C,1,0,0,1,0,NRR,
Eki.28,36,C,1,1,1,1,0,NRR,
Eki.29,13,C,1,1,1,1,1,AKB,
Eki.29,26,C,1,1,1,0,0,AKB,
Eki.29,26,C,1,1,1,1,1,AKB,
Eki.29,26,C,1,0,0,0,0,AKB,
Eki.29,12,C,2,0,1,0,0,AKB,
Eki.29,12,C,1,1,1,0,0,AKB,
Eki.29,12,C,1,0,1,0,1,AKB,
Eki.29,12,C,1,0,1,1,0,AKB,
Eki.29,12,C,2,0,0,0,0,AKB,
Eki.29,22,C,5,0,0,0,0,AKB,
Eki.29,22,C,2,0,0,0,1,AKB,
Eki.29,22,C,1,1,1,1,0,AKB,
Eki.29,22,C,1,0,1,0,1,AKB,
Eki.29,8,C,4,0,0,0,1,AKB,
Eki.29,8,C,4,0,0,0,0,AKB,
Eki.29,8,C,2,0,1,1,0,AKB,
Eki.29,8,C,1,0,1,1,1,AKB,
Eki.29,8,C,1,0,1,0,1,AKB,
Eki.29,23,C,2,1,1,1,0,AKB,
Eki.29,23,C,1,0,1,0,1,AKB,
Eki.29,23,C,2,0,0,0,0,AKB,
Eki.29,23,C,2,0,0,1,0,AKB,
Eki.29,23,C,1,0,1,0,0,AKB,
Eki.29,23,C,1,1,1,1,1,AKB,
Eki.29,9,C,1,0,1,0,1,AKB,
Eki.29,9,C,1,0,1,1,1,AKB,
Eki.29,9,C,3,0,0,0,0,AKB,
Eki.29,12,C,3,0,0,0,0,AKB,
Eki.29,12,C,3,0,0,1,0,AKB,
Eki.29,11,C,1,0,0,0,1,AKB,
Eki.29,11,C,1,0,1,1,0,AKB,
Eki.29,11,C,1,0,0,1,0,AKB,
Eki.29,11,C,1,0,0,0,0,AKB,
Eki.29,13,C,1,1,1,0,1,AKB,
Eki.29,13,C,3,0,0,0,1,AKB,
Eki.29,13,C,3,0,0,0,0,AKB,
Eki.29,13,C,2,1,1,0,0,AKB,
Eki.29,13,C,2,0,0,1,0,AKB,
Eki.29,13,C,1,1,1,1,0,AKB,
Eki.29,22,C,2,0,0,0,1,AKB,
Eki.29,22,C,1,0,1,1,0,AKB,
Eki.29,26,C,1,0,0,0,0,AKB,
Eki.29,1,B,1,0,1,0,1,UHA,
Eki.29,1,B,3,1,1,1,0,UHA,
Eki.29,1,B,2,0,1,1,1,UHA,
Eki.29,1,B,1,0,0,1,0,HNT,
Eki.29,1,B,2,0,0,1,1,HNT,
Eki.29,16,B,2,0,0,0,0,HNT,
Eki.29,16,B,1,0,1,0,1,HNT,
Eki.29,16,B,2,1,1,1,0,HNT,
Eki.29,16,B,1,1,1,1,1,HNT,
Eki.29,37,B,5,0,0,0,0,HNT,
Eki.29,37,B,1,0,0,1,1,HNT,
Eki.29,37,B,1,1,1,1,1,HNT,
Eki.29,37,B,2,0,0,0,1,HNT,
Eki.29,37,B,2,0,1,1,0,HNT,
Eki.29,37,B,1,0,1,1,1,HNT,
Eki.29,5,B,4,0,0,0,0,HNT,
Eki.29,5,B,2,0,0,0,1,HNT,
Eki.29,5,B,1,0,1,1,1,HNT,
Eki.29,5,B,1,0,0,1,0,HNT,
Eki.29,18,B,3,0,0,0,0,HNT,
Eki.29,18,B,1,1,1,1,0,HNT,
Eki.29,18,B,1,1,1,0,0,HNT,
Eki.29,29,B,1,0,0,1,0,HNT,
Eki.29,29,B,1,0,0,0,0,HNT,
Eki.29,19,B,2,0,0,0,0,HNT,
Eki.29,19,B,2,0,0,0,1,HNT,
Eki.29,19,B,2,1,1,1,1,HNT,
Eki.29,19,B,1,1,1,1,0,HNT,
Eki.29,19,B,1,0,0,1,0,HNT,
Eki.29,6,B,2,0,1,1,0,HNT,
Eki.29,6,B,1,0,0,1,0,HNT,
Eki.29,7,B,1,0,1,0,0,HNT,
Eki.29,7,B,1,0,0,1,1,HNT,
Eki.29,7,B,1,0,1,1,1,HNT,
Eki.29,7,B,3,0,0,0,0,HNT,
Eki.29,20,B,3,0,0,0,1,HNT,
Eki.29,20,B,4,0,0,0,0,HNT,
Eki.29,20,B,2,1,1,0,0,HNT,
Eki.29,20,B,1,1,1,0,1,UHA,
Eki.29,20,B,5,0,1,1,0,UHA,
Eki.29,20,B,2,1,1,1,0,UHA,
Eki.29,18,B,1,1,1,1,0,UHA,
Eki.29,18,B,1,0,1,1,0,UHA,
Eki.29,15,B,3,0,0,0,0,UHA,
Eki.29,15,B,2,1,1,1,1,UHA,
Eki.29,15,B,2,1,1,1,0,UHA,
Eki.29,44,A,1,0,0,1,1,ABK,
Eki.29,44,A,1,1,1,1,0,ABK,
Eki.29,44,A,1,1,1,0,0,ABK,
Eki.29,45,A,1,0,0,1,1,ABK,
Eki.29,45,A,2,0,0,0,0,ABK,
Eki.29,45,A,1,0,0,0,1,ABK,
Eki.29,35,A,1,0,0,0,0,ABK,
Eki.29,35,A,1,0,0,0,1,ABK,
Eki.29,35,A,1,1,1,0,1,ABK,
Eki.29,35,A,1,0,0,1,0,ABK,
Eki.29,48,A,1,1,1,1,0,ABK,
Eki.30,7,A,1,0,0,0,0,ABK,
Eki.30,7,A,2,1,1,0,0,ABK,
Eki.30,7,A,2,1,1,0,1,ABK,
Eki.30,7,A,3,0,0,1,1,ABK,
Eki.30,7,A,1,1,1,1,1,ABK,
Eki.30,7,A,5,1,1,1,0,ABK,
Eki.30,8,A,1,0,0,0,0,ABK,
Eki.30,8,A,1,0,0,0,1,ABK,
Eki.30,8,A,2,0,0,1,0,ABK,
Eki.30,8,A,1,1,1,1,0,ABK,
Eki.30,22,A,1,0,0,0,0,ABK,
Eki.30,22,A,2,1,1,0,1,ABK,
Eki.30,22,A,1,0,0,1,0,ABK,
Eki.30,22,A,2,1,1,1,0,ABK,
Eki.30,22,A,4,1,1,1,1,ABK,
Eki.30,31,A,1,0,0,0,0,ABK,
Eki.30,31,A,1,1,1,0,0,ABK,
Eki.30,31,A,2,1,1,1,1,ABK,
Eki.30,31,A,1,1,1,1,0,ABK,
Eki.30,34,A,1,0,0,1,0,ABK,
Eki.30,34,A,1,1,1,1,0,ABK,
Eki.30,34,A,2,1,1,0,0,ABK,
29-Oct,26,C,1,0,1,0,1,NRR,
29-Oct,26,C,1,0,0,0,1,NRR,
29-Oct,26,C,2,0,0,1,1,NRR,
29-Oct,26,C,1,0,0,1,0,NRR,
29-Oct,26,C,2,1,1,1,0,NRR,
29-Oct,29,C,1,1,1,0,0,NRR,
29-Oct,29,C,1,0,0,0,1,NRR,
29-Oct,32,C,1,0,0,1,1,NRR,
29-Oct,32,C,1,1,1,1,1,NRR,
29-Oct,32,C,1,1,1,1,0,NRR,
29-Oct,31,C,1,0,0,1,0,NRR,
29-Oct,30,C,1,0,0,0,1,NRR,
29-Oct,30,C,2,1,1,1,1,NRR,
29-Oct,30,C,1,0,0,1,1,NRR,
29-Oct,25,C,1,1,1,0,0,NRR,
29-Oct,25,C,2,1,1,0,1,NRR,
29-Oct,25,C,1,0,0,1,1,NRR,
29-Oct,25,C,1,0,0,1,0,NRR,
29-Oct,15,C,1,0,0,0,1,NRR,
29-Oct,15,C,1,0,0,1,1,NRR,
29-Oct,12,C,2,1,1,0,1,NRR,
29-Oct,12,C,1,1,1,0,0,NRR,
29-Oct,12,C,1,0,0,1,0,NRR,
29-Oct,12,C,2,0,0,1,1,NRR,
29-Oct,12,C,2,1,1,1,0,NRR,
29-Oct,12,C,1,0,1,1,0,NRR,
29-Oct,9,C,1,0,0,0,1,NRR,
29-Oct,9,C,1,0,0,1,0,NRR,
29-Oct,9,C,3,0,0,1,1,NRR,
29-Oct,9,C,2,0,1,1,1,NRR,
29-Oct,13,C,1,1,1,1,1,NRR,
29-Oct,13,C,1,1,1,1,0,NRR,
29-Oct,13,C,1,0,0,1,1,NRR,
29-Oct,13,C,3,0,0,0,1,NRR,
29-Oct,13,C,1,1,1,0,0,NRR,
29-Oct,8,C,2,0,1,1,1,NRR,
29-Oct,8,C,2,0,0,1,1,NRR,
29-Oct,8,C,3,0,1,1,0,NRR,
29-Oct,7,C,2,0,0,0,1,NRR,
29-Oct,24,C,2,1,1,1,0,NRR,
29-Oct,24,C,1,0,1,1,0,NRR,
29-Oct,23,C,1,0,0,1,1,NRR,
29-Oct,6,C,1,1,1,0,0,NRR,
29-Oct,6,C,1,1,1,1,1,NRR,
29-Oct,17,C,1,1,1,1,0,NRR,
29-Oct,36,C,1,0,0,0,1,NRR,
29-Oct,36,C,1,0,1,0,1,NRR,
29-Oct,36,C,2,0,0,1,1,NRR,
29-Oct,36,C,1,0,1,1,0,NRR,
29-Oct,22,C,3,0,0,0,1,NRR,
29-Oct,22,C,2,1,1,1,1,NRR,
29-Oct,22,C,2,0,0,1,1,NRR,
29-Oct,1,C,2,0,0,0,1,NRR,
29-Oct,1,C,1,0,1,0,1,NRR,
29-Oct,1,C,3,1,1,1,1,NRR,
29-Oct,2,C,1,1,1,0,1,NRR,
29-Oct,18,C,4,0,0,0,1,NRR,
29-Oct,18,C,1,1,1,1,1,NRR,
29-Oct,18,C,1,0,0,1,1,NRR,
29-Oct,21,C,1,0,0,0,1,NRR,
29-Oct,21,C,1,0,0,1,1,NRR,
29-Oct,21,C,2,1,1,1,1,NRR,
29-Oct,19,C,1,0,0,0,1,NRR,
29-Oct,19,C,1,1,1,1,1,NRR,
29-Oct,19,C,1,0,1,1,1,NRR,
29-Oct,19,C,1,0,0,1,0,NRR,
29-Oct,20,C,7,0,0,0,1,NRR,
29-Oct,20,C,1,1,1,0,1,NRR,
29-Oct,20,C,1,0,1,0,1,NRR,
29-Oct,20,C,2,0,0,1,0,NRR,
29-Oct,20,C,1,0,0,1,1,NRR,
29-Oct,20,C,1,1,1,1,0,NRR,
29-Oct,5,C,1,0,0,0,1,NRR,
29-Oct,5,C,1,1,1,0,1,NRR,
29-Oct,5,C,2,1,1,0,0,NRR,
29-Oct,5,C,2,1,1,1,0,NRR,
29-Oct,5,C,2,1,1,1,1,NRR,
29-Oct,5,C,1,0,0,1,0,NRR,
29-Oct,5,C,2,0,0,1,1,NRR,
29-Oct,34,C,1,0,0,0,1,NRR,
29-Oct,34,C,2,1,1,0,0,NRR,
29-Oct,34,C,1,1,1,1,1,NRR,
29-Oct,34,C,1,1,1,1,0,NRR,
29-Oct,16,C,3,0,0,0,1,NRR,
29-Oct,16,C,1,0,0,1,1,NRR,
29-Oct,16,C,1,1,1,1,1,NRR,
29-Oct,16,C,1,1,1,1,0,NRR,
29-Oct,35,C,1,0,1,1,0,NRR,
29-Oct,35,C,1,0,0,0,1,NRR,
29-Oct,35,C,1,0,1,0,0,NRR,
29-Oct,17,C,1,0,0,0,1,NRR,
29-Oct,17,C,2,1,1,0,0,NRR,
29-Oct,17,C,1,0,1,0,1,NRR,
29-Oct,17,C,2,1,1,0,1,NRR,
29-Oct,17,C,2,0,0,1,1,NRR,
29-Oct,17,C,1,0,0,1,1,NRR,
29-Oct,2,B,3,1,1,1,1,KEW,
29-Oct,2,B,1,0,0,1,1,KEW,
29-Oct,5,B,2,1,1,1,1,KEW,
29-Oct,5,B,1,1,1,1,0,KEW,
29-Oct,5,B,2,1,0,0,0,KEW,
29-Oct,5,B,4,0,0,0,1,KEW,
29-Oct,5,B,1,0,0,0,0,KEW,
29-Oct,6,B,1,0,0,1,0,KEW,
29-Oct,6,B,2,0,0,0,1,KEW,
29-Oct,6,B,1,1,1,0,1,KEW,
29-Oct,8,B,1,0,0,1,0,KEW,
29-Oct,8,B,1,1,1,0,1,KEW,
29-Oct,8,B,1,0,0,0,1,KEW,
29-Oct,8,B,1,0,0,0,0,KEW,
29-Oct,9,B,1,1,1,0,1,KEW,
29-Oct,9,B,2,0,0,0,1,KEW,
29-Oct,9,B,1,0,0,0,0,KEW,
29-Oct,15,B,2,1,1,1,1,KEW,
29-Oct,15,B,2,0,0,1,1,KEW,
29-Oct,15,B,1,1,0,1,1,KEW,
29-Oct,15,B,1,1,1,1,0,KEW,
29-Oct,15,B,3,0,0,0,1,KEW,
24-Oct,15,B,1,0,0,0,0,KEW,
24-Oct,16,B,1,0,0,1,0,KEW,
24-Oct,16,B,2,0,0,0,1,KEW,
24-Oct,17,B,2,0,0,1,0,KEW,
24-Oct,17,B,3,0,0,0,0,KEW,
24-Oct,17,B,1,1,1,0,0,KEW,
24-Oct,18,B,1,1,1,1,1,KEW,
24-Oct,18,B,1,1,1,1,0,KEW,
24-Oct,18,B,1,0,0,0,1,KEW,
24-Oct,18,B,1,1,1,0,1,KEW,
24-Oct,18,B,3,0,0,0,0,KEW,
24-Oct,19,B,2,0,0,1,0,KEW,
24-Oct,19,B,1,0,0,1,1,KEW,
24-Oct,19,B,1,1,0,1,1,KEW,
24-Oct,19,B,1,1,1,1,1,KEW,
24-Oct,20,B,1,1,1,1,0,KEW,
24-Oct,20,B,3,0,0,0,0,KEW,
24-Oct,20,B,1,1,1,0,1,KEW,
24-Oct,21,B,2,0,0,1,1,KEW,
24-Oct,29,B,1,0,0,0,1,KEW,
24-Oct,29,B,1,0,1,1,0,KEW,
24-Oct,30,B,1,0,0,0,0,KEW,
24-Oct,30,B,1,0,1,0,0,KEW,
24-Oct,30,B,1,1,1,0,1,KEW,
24-Oct,30,B,1,0,0,1,0,KEW,
24-Oct,31,B,1,0,0,1,0,KEW,
24-Oct,31,B,1,1,1,1,1,KEW,
24-Oct,31,B,1,0,1,1,1,KEW,
24-Oct,31,B,1,1,1,0,0,KEW,
24-Oct,31,B,2,0,0,0,1,KEW,
24-Oct,32,B,1,1,1,1,0,KEW,
24-Oct,32,B,1,0,0,1,1,KEW,
24-Oct,32,B,2,1,1,0,1,KEW,
24-Oct,32,B,1,0,0,0,1,KEW,
24-Oct,32,B,1,0,0,0,0,KEW,
24-Oct,32,B,1,1,1,0,0,KEW,
24-Oct,34,B,4,1,1,1,0,KEW,
24-Oct,34,B,1,0,0,1,0,KEW,
24-Oct,34,B,1,0,0,1,1,KEW,
24-Oct,34,B,4,0,0,0,0,KEW,
24-Oct,34,B,1,0,0,0,1,KEW,
24-Oct,35,B,1,1,1,1,0,KEW,
24-Oct,35,B,3,1,0,1,1,KEW,
24-Oct,35,B,1,1,1,1,1,KEW,
24-Oct,36,B,1,1,1,1,1,KEW,
24-Oct,36,B,2,0,0,0,1,KEW,
24-Oct,36,B,1,0,0,0,0,KEW,
24-Oct,37,B,1,1,1,0,1,KEW,
24-Oct,37,B,2,1,1,0,0,KEW,
24-Oct,39,B,1,0,0,1,0,KEW,
24-Oct,39,B,1,1,1,1,0,KEW,
24-Oct,39,B,1,0,0,1,1,KEW,
24-Oct,39,B,1,0,0,0,1,KEW,
24-Oct,39,B,1,1,0,0,1,KEW,
24-Oct,39,B,1,1,1,0,1,KEW,
24-Oct,39,B,1,1,0,0,0,KEW,
24-Oct,41,B,1,1,1,1,1,KEW,
24-Oct,41,B,3,1,1,1,0,KEW,
24-Oct,41,B,1,1,0,1,0,KEW,
24-Oct,41,B,4,0,0,0,0,KEW,
24-Oct,41,B,6,0,0,0,1,KEW,
24-Oct,41,B,1,1,0,0,1,KEW,
24-Oct,41,B,1,1,1,0,1,KEW,
24-Oct,44,B,2,0,0,1,1,KEW,
24-Oct,44,B,3,0,0,1,0,KEW,
24-Oct,44,B,2,0,0,0,0,KEW,
24-Oct,44,B,1,1,0,0,1,KEW,
24-Oct,49,B,1,1,1,1,0,KEW,
24-Oct,49,B,1,0,0,1,0,KEW,
24-Oct,49,B,4,0,0,0,0,KEW,
24-Oct,49,B,3,0,0,0,1,KEW,
24-Oct,48,B,5,1,1,1,1,KEW,
24-Oct,48,B,3,0,0,1,1,KEW,
24-Oct,48,B,2,0,0,1,0,KEW,
24-Oct,48,B,1,1,1,1,0,KEW,
24-Oct,48,B,5,0,0,0,0,KEW,
24-Oct,48,B,3,1,1,0,0,KEW,
24-Oct,48,B,4,0,0,0,1,KEW,
24-Oct,48,B,2,1,1,0,1,KEW,
30-Oct,2,B,1,0,0,1,0,KEW,
30-Oct,2,B,1,0,0,0,1,KEW,
30-Oct,5,B,2,1,1,1,0,KEW,
30-Oct,5,B,1,1,1,1,1,KEW,
30-Oct,5,B,1,0,0,1,0,KEW,
30-Oct,5,B,1,0,0,0,1,KEW,
30-Oct,5,B,1,1,1,0,0,KEW,
30-Oct,5,B,1,0,0,0,0,KEW,
30-Oct,7,B,1,0,1,1,1,KEW,
30-Oct,7,B,3,1,1,1,1,KEW,
30-Oct,8,B,2,1,1,1,1,KEW,
30-Oct,8,B,1,1,1,1,0,KEW,
30-Oct,8,B,1,1,1,0,0,KEW,
30-Oct,8,B,1,0,0,0,1,KEW,
30-Oct,12,B,1,1,1,1,0,KEW,
30-Oct,12,B,1,0,0,1,1,KEW,
30-Oct,15,B,1,0,1,1,1,KEW,
30-Oct,15,B,1,0,0,1,0,KEW,
30-Oct,16,B,2,1,1,1,1,KEW,
30-Oct,16,B,1,0,1,1,1,KEW,
30-Oct,16,B,2,0,0,1,1,KEW,
30-Oct,17,B,2,1,1,1,0,KEW,
30-Oct,17,B,1,1,1,1,1,KEW,
30-Oct,17,B,1,0,0,0,1,KEW,
30-Oct,17,B,1,0,0,0,0,KEW,
30-Oct,18,B,1,1,0,1,1,KEW,
30-Oct,18,B,1,0,0,1,1,KEW,
30-Oct,18,B,1,0,0,1,0,KEW,
30-Oct,18,B,2,0,0,0,0,KEW,
30-Oct,18,B,1,1,1,0,1,KEW,
30-Oct,18,B,1,0,0,0,1,KEW,
30-Oct,19,B,1,1,1,1,1,KEW,
30-Oct,19,B,1,1,1,1,0,KEW,
30-Oct,20,B,1,1,1,1,0,KEW,
30-Oct,20,B,1,0,0,1,1,KEW,
30-Oct,22,B,2,0,0,0,1,KEW,
30-Oct,22,B,2,1,1,0,1,KEW,
30-Oct,22,B,1,1,1,0,0,KEW,
30-Oct,23,B,2,1,1,1,0,KEW,
30-Oct,23,B,1,0,0,1,1,KEW,
30-Oct,23,B,1,0,0,0,1,KEW,
30-Oct,23,B,1,0,0,0,0,KEW,
30-Oct,23,B,1,1,1,0,0,KEW,
30-Oct,29,B,1,0,1,1,1,KEW,
30-Oct,29,B,2,0,0,1,1,KEW,
30-Oct,31,B,1,0,0,0,0,KEW,
30-Oct,31,B,2,1,1,1,1,KEW,
30-Oct,31,B,3,0,0,1,0,KEW,
30-Oct,31,B,2,1,1,1,0,KEW,
30-Oct,32,B,1,0,0,1,1,KEW,
30-Oct,32,B,1,0,1,1,1,KEW,
30-Oct,32,B,2,1,1,1,1,KEW,
30-Oct,32,B,3,0,0,1,0,KEW,
30-Oct,32,B,1,1,1,1,0,KEW,
30-Oct,32,B,2,0,0,0,0,KEW,
30-Oct,32,B,1,1,1,0,0,KEW,
30-Oct,32,B,1,0,0,0,1,KEW,
30-Oct,34,B,3,0,0,0,0,KEW,
30-Oct,34,B,1,1,1,0,0,KEW,
30-Oct,34,B,1,0,0,0,1,KEW,
30-Oct,25,B,5,0,0,0,0,KEW,
30-Oct,25,B,3,0,1,0,0,KEW,
30-Oct,25,B,1,1,1,1,0,KEW,
30-Oct,25,B,1,0,0,1,0,KEW,
30-Oct,41,B,2,0,0,0,1,KEW,
30-Oct,41,B,1,1,1,0,1,KEW,
30-Oct,41,B,3,0,0,0,0,KEW,
30-Oct,41,B,1,0,0,1,0,KEW,
30-Oct,44,B,2,0,0,1,1,KEW,
30-Oct,44,B,1,1,1,1,1,KEW,
30-Oct,44,B,1,1,1,0,0,KEW,
30-Oct,48,B,4,1,1,1,0,KEW,
30-Oct,48,B,1,0,0,1,1,KEW,
30-Oct,48,B,1,1,1,0,0,KEW,
30-Oct,48,B,1,0,0,0,1,KEW,
30-Oct,1,D,3,0,0,0,0,AFB,
30-Oct,1,D,1,0,0,0,1,AFB,
30-Oct,1,D,2,1,1,1,0,AFB,
30-Oct,1,D,1,1,1,0,0,AFB,
30-Oct,1,D,2,0,0,0,1,AFB,
30-Oct,13,D,4,0,0,1,0,AFB,
30-Oct,13,D,1,0,1,1,1,AFB,
30-Oct,13,D,2,0,0,1,1,AFB,
30-Oct,13,D,4,0,0,0,1,AFB,
30-Oct,2,D,1,0,0,0,0,HNT,
30-Oct,2,D,1,0,0,0,0,HNT,
30-Oct,23,D,1,0,0,1,0,HNT,
30-Oct,5,D,2,1,1,1,0,HNT,
30-Oct,5,D,1,1,1,1,0,HNT,
30-Oct,5,D,1,0,0,1,1,HNT,
30-Oct,5,D,3,0,0,1,0,HNT,
30-Oct,5,D,4,1,1,0,0,HNT,
30-Oct,5,D,2,0,0,0,1,HNT,
30-Oct,19,D,1,0,0,0,0,HNT,
30-Oct,12,D,2,0,0,1,1,HNT,
30-Oct,12,D,1,1,1,0,1,HNT,
30-Oct,12,D,3,1,1,0,0,HNT,
30-Oct,12,D,1,0,0,0,0,HNT,
30-Oct,9,D,1,1,1,1,0,HNT,
30-Oct,9,D,1,1,1,1,1,HNT,
30-Oct,9,D,1,0,0,1,0,HNT,
30-Oct,9,D,1,0,0,0,0,HNT,
30-Oct,6,D,4,0,0,0,1,HNT,
30-Oct,6,D,1,0,0,0,0,HNT,
30-Oct,7,D,1,1,1,1,0,HNT,
30-Oct,7,D,1,1,1,1,1,HNT,
30-Oct,30,D,1,0,0,0,1,HNT,
30-Oct,25,D,1,1,1,0,1,HNT,
31-Oct,1,D,4,0,0,0,1,AFB,
31-Oct,1,D,1,1,1,0,0,AFB,
31-Oct,1,D,1,0,0,0,0,AFB,
31-Oct,1,D,2,1,1,0,1,AFB,
31-Oct,1,D,1,1,1,1,1,AFB,
31-Oct,1,D,2,1,1,1,0,AFB,
31-Oct,1,D,1,0,0,1,0,AFB,
31-Oct,1,D,1,0,0,0,1,AFB,
31-Oct,2,D,4,0,0,0,0,AFB,
31-Oct,2,D,2,0,0,0,1,AFB,
31-Oct,2,D,1,1,1,1,0,AFB,
31-Oct,2,D,1,1,1,1,1,AFB,
31-Oct,2,D,1,0,0,1,1,AFB,
31-Oct,5,D,3,0,0,0,0,AFB,
31-Oct,5,D,1,1,1,0,1,AFB,
31-Oct,5,D,4,0,0,0,1,AFB,
31-Oct,5,D,2,1,1,0,1,AFB,
31-Oct,5,D,1,1,1,1,0,AFB,
31-Oct,5,D,1,0,0,1,0,AFB,
31-Oct,5,D,1,1,1,0,1,AFB,
31-Oct,5,D,1,0,0,0,1,AFB,
31-Oct,6,D,1,0,0,0,0,AFB,
31-Oct,6,D,1,1,1,0,1,AFB,
31-Oct,6,D,1,0,0,0,1,AFB,
31-Oct,6,D,1,1,1,1,1,AFB,
31-Oct,6,D,1,0,0,1,1,AFB,
31-Oct,6,D,1,1,1,1,0,AFB,
31-Oct,6,D,1,0,0,1,0,AFB,
31-Oct,7,D,3,0,0,0,0,AFB,
31-Oct,7,D,1,1,1,0,0,AFB,
31-Oct,7,D,2,0,0,0,1,AFB,
31-Oct,7,D,2,1,1,1,0,AFB,
31-Oct,7,D,1,0,1,1,1,AFB,
31-Oct,8,D,1,0,0,1,1,AFB,
31-Oct,8,D,2,0,0,0,0,AFB,
31-Oct,9,D,1,1,1,0,1,AFB,
31-Oct,9,D,1,0,0,0,1,AFB,
31-Oct,9,D,3,1,1,0,0,AFB,
31-Oct,9,D,1,0,0,0,0,AFB,
31-Oct,9,D,1,0,0,1,1,AFB,
31-Oct,9,D,2,1,1,1,1,AFB,
31-Oct,9,D,1,1,1,1,0,AFB,
31-Oct,12,D,1,0,0,0,1,AFB,
31-Oct,12,D,2,1,1,0,0,AFB,
31-Oct,12,D,1,0,0,0,0,AFB,
31-Oct,12,D,1,0,0,1,1,AFB,
31-Oct,12,D,1,1,1,1,1,AFB,
31-Oct,12,D,1,1,1,1,0,AFB,
31-Oct,12,D,1,0,0,1,0,AFB,
31-Oct,13,D,6,0,0,0,0,AFB,
31-Oct,13,D,3,1,1,0,1,AFB,
31-Oct,13,D,4,0,0,0,1,AFB,
31-Oct,13,D,4,0,0,1,1,AFB,
31-Oct,13,D,1,1,1,1,1,AFB,
31-Oct,13,D,3,1,1,1,0,AFB,
31-Oct,16,D,1,0,0,0,0,AFB,
31-Oct,16,D,2,0,0,0,1,AFB,
31-Oct,16,D,1,0,0,1,1,AFB,
31-Oct,16,D,1,0,0,1,0,AFB,
31-Oct,45,B,1,0,0,0,1,KEW,
31-Oct,45,B,1,1,1,0,0,KEW,
31-Oct,45,B,1,0,0,1,0,KEW,
31-Oct,45,B,1,0,0,1,1,KEW,
31-Oct,48,B,2,1,1,1,0,KEW,
31-Oct,48,B,1,0,0,0,1,KEW,
31-Oct,44,B,1,0,0,0,0,KEW,
31-Oct,44,B,1,0,1,1,1,KEW,
31-Oct,44,B,2,0,0,0,1,KEW,
31-Oct,35,B,1,1,1,1,1,KEW,
31-Oct,35,B,2,0,1,0,0,KEW,
31-Oct,32,A,1,0,0,0,1,HNT,
31-Oct,15,A,1,0,0,0,0,HNT,
31-Oct,15,A,1,0,0,0,1,HNT,
31-Oct,15,A,1,1,1,0,0,HNT,
31-Oct,32,B,1,1,1,0,0,UHA,
31-Oct,32,B,2,0,0,0,0,UHA,
31-Oct,31,B,3,0,0,0,0,UHA,
31-Oct,31,B,2,0,0,0,1,UHA,
31-Oct,31,B,2,0,0,1,0,UHA,
31-Oct,31,B,2,1,1,1,1,UHA,
31-Oct,31,B,1,0,1,0,0,UHA,
31-Oct,31,B,1,1,1,0,0,UHA,
31-Oct,20,B,2,1,1,0,0,UHA,
31-Oct,20,B,1,0,0,0,1,UHA,
31-Oct,20,B,1,1,1,0,1,UHA,
31-Oct,18,B,1,0,0,0,1,UHA,
31-Oct,5,B,2,1,1,1,1,UHA,
31-Oct,5,B,1,0,0,0,0,UHA,
31-Oct,17,B,1,0,0,1,1,UHA,
31-Oct,17,B,1,0,0,1,0,UHA,
31-Oct,17,B,1,0,0,0,1,UHA,
31-Oct,17,B,1,0,0,0,0,UHA,
31-Oct,15,B,1,1,1,1,0,UHA,
31-Oct,15,B,1,0,0,0,1,UHA,
31-Oct,15,B,1,1,1,1,1,UHA,
31-Oct,15,B,2,1,1,0,0,UHA,
31-Oct,15,B,1,0,0,1,1,UHA,
31-Oct,8,B,2,1,1,1,1,UHA,
31-Oct,8,B,2,0,0,0,1,UHA,
31-Oct,20,C,2,0,0,0,1,NRR,
31-Oct,20,C,2,1,1,0,0,NRR,
31-Oct,20,C,1,0,0,1,0,NRR,
31-Oct,20,C,2,0,0,1,1,NRR,
31-Oct,20,C,1,1,1,1,0,NRR,
31-Oct,19,C,2,0,0,0,1,NRR,
31-Oct,19,C,6,0,0,1,1,NRR,
31-Oct,19,C,1,0,0,1,0,NRR,
31-Oct,19,C,1,1,1,1,1,NRR,
31-Oct,19,C,3,1,1,1,0,NRR,
31-Oct,17,C,1,0,0,1,0,NRR,
31-Oct,16,C,1,0,0,0,1,NRR,
31-Oct,16,C,2,0,0,1,1,NRR,
31-Oct,16,C,3,0,0,1,0,NRR,
31-Oct,16,C,1,1,1,1,1,NRR,
31-Oct,16,C,1,1,1,1,0,NRR,
31-Oct,15,C,2,0,0,1,1,NRR,
31-Oct,13,C,4,0,0,0,1,NRR,
31-Oct,13,C,1,1,1,0,0,NRR,
31-Oct,13,C,1,1,1,1,1,NRR,
31-Oct,13,C,1,0,0,1,1,NRR,
31-Oct,12,C,1,0,1,0,1,NRR,
31-Oct,12,C,1,0,0,0,1,NRR,
31-Oct,12,C,1,1,1,1,1,NRR,
31-Oct,9,C,2,0,0,0,1,NRR,
31-Oct,8,C,3,0,0,0,1,NRR,
31-Oct,8,C,1,1,1,1,1,NRR,
31-Oct,8,C,2,0,1,1,1,NRR,
31-Oct,7,C,3,0,0,0,1,NRR,
31-Oct,7,C,1,1,1,0,0,NRR,
31-Oct,7,C,2,1,1,0,0,NRR,
31-Oct,7,C,3,1,1,1,0,NRR,
31-Oct,7,C,1,0,0,1,1,NRR,
31-Oct,6,C,1,0,0,1,0,NRR,
31-Oct,5,C,5,0,0,0,1,NRR,
31-Oct,5,C,4,1,1,0,0,NRR,
31-Oct,5,C,2,1,1,1,0,NRR,
31-Oct,5,C,2,0,0,1,0,NRR,
31-Oct,5,C,1,0,0,1,1,NRR,
31-Oct,2,C,1,0,1,1,1,NRR,
31-Oct,2,C,1,1,1,1,1,NRR,
31-Oct,2,C,2,1,1,0,1,NRR,
31-Oct,2,C,1,1,1,0,0,NRR,
31-Oct,1,C,5,0,0,0,1,NRR,
31-Oct,1,C,1,1,1,0,0,NRR,
31-Oct,31,C,3,0,0,1,0,NRR,
31-Oct,31,C,1,0,0,1,1,NRR,
31-Oct,31,C,1,1,1,1,0,NRR,
31-Oct,31,C,4,0,0,0,1,NRR,
31-Oct,31,C,1,1,1,0,0,NRR,
31-Oct,31,C,1,0,1,0,1,NRR,
31-Oct,32,C,1,0,0,0,1,NRR,
31-Oct,32,C,1,1,1,0,0,NRR,
31-Oct,32,C,1,1,1,1,1,NRR,
31-Oct,32,C,1,0,0,1,0,NRR,
31-Oct,32,C,1,0,1,1,1,NRR,
31-Oct,32,C,2,0,0,1,1,NRR,
31-Oct,26,C,1,1,1,0,0,NRR,
31-Oct,26,C,1,0,0,1,1,NRR,
31-Oct,29,C,1,0,0,0,1,NRR,
31-Oct,29,C,1,1,1,0,1,NRR,
31-Oct,30,C,1,1,1,1,0,NRR,
31-Oct,30,C,4,0,0,0,1,NRR,
31-Oct,25,C,2,0,0,1,0,NRR,
31-Oct,23,C,3,0,0,0,1,NRR,
31-Oct,23,C,3,1,1,0,0,NRR,
31-Oct,23,C,1,1,1,0,1,NRR,
31-Oct,23,C,3,1,1,1,0,NRR,
31-Oct,23,C,1,0,1,1,0,NRR,
31-Oct,23,C,2,1,1,1,1,NRR,
31-Oct,24,C,2,0,0,0,1,NRR,
31-Oct,24,C,1,0,1,0,0,NRR,
31-Oct,24,C,3,1,1,0,0,NRR,
31-Oct,24,C,1,1,1,1,1,NRR,
31-Oct,24,C,1,0,0,1,0,NRR,
31-Oct,24,C,1,0,0,1,1,NRR,
31-Oct,21,C,3,0,0,0,1,NRR,
31-Oct,21,C,2,0,0,1,1,NRR,
31-Oct,21,C,1,0,0,1,0,NRR,
31-Oct,21,C,1,0,1,1,0,NRR,
31-Oct,21,C,1,1,1,1,1,NRR,
31-Oct,21,C,1,0,1,1,1,NRR,
31-Oct,22,C,3,0,0,0,1,NRR,
31-Oct,22,C,2,0,0,1,0,NRR,
31-Oct,22,C,2,1,1,1,0,NRR,
31-Oct,22,C,3,0,0,1,1,NRR,
31-Oct,48,C,3,0,0,0,1,NRR,
31-Oct,48,C,1,0,1,1,1,NRR,
31-Oct,49,C,3,0,0,0,1,NRR,
31-Oct,49,C,2,1,1,1,1,NRR,
31-Oct,49,C,1,0,0,1,0,NRR,
31-Oct,49,C,2,0,0,1,1,NRR,
31-Oct,34,C,1,0,0,0,1,NRR,
31-Oct,34,C,1,0,0,1,1,NRR,
31-Oct,34,C,1,1,1,1,1,NRR,
31-Oct,34,C,1,1,1,1,0,NRR,
31-Oct,35,C,5,0,0,0,1,NRR,
31-Oct,35,C,1,1,1,1,1,NRR,
31-Oct,35,C,2,1,1,1,0,NRR,
31-Oct,35,C,1,0,0,1,0,NRR,
31-Oct,35,C,1,0,0,1,1,NRR,
31-Oct,37,C,1,0,1,0,0,NRR,
31-Oct,37,C,1,1,1,1,1,NRR,
31-Oct,48,C,8,0,0,0,1,NRR,
31-Oct,48,C,2,1,1,0,0,NRR,
31-Oct,48,C,2,0,1,0,1,NRR,
31-Oct,48,C,3,0,0,1,1,NRR,
31-Oct,48,C,1,1,1,1,1,NRR,
31-Oct,48,C,1,0,0,1,0,NRR,
31-Oct,44,C,1,0,1,0,1,NRR,
31-Oct,44,C,2,0,0,0,1,NRR,
31-Oct,44,C,2,0,0,1,0,NRR,
31-Oct,44,C,2,1,1,1,0,NRR,
31-Oct,44,C,3,0,0,1,1,NRR,
31-Oct,44,C,1,0,1,1,0,NRR,
31-Oct,35,C,1,0,0,0,1,NRR,
31-Oct,35,C,3,0,0,1,1,NRR,
31-Oct,35,C,3,0,1,1,1,NRR,
31-Oct,34,C,1,1,1,0,0,NRR,
31-Oct,32,C,1,1,1,0,0,NRR,
31-Oct,32,C,1,0,0,1,0,NRR,
31-Oct,31,C,1,1,1,0,1,NRR,
31-Oct,31,C,1,1,1,0,0,NRR,
31-Oct,31,C,5,0,0,0,1,NRR,
31-Oct,31,C,2,0,0,1,1,NRR,
31-Oct,31,C,1,0,0,1,0,NRR,
31-Oct,31,C,1,1,1,1,0,NRR,
31-Oct,30,C,2,1,1,1,0,NRR,
31-Oct,30,C,1,0,0,1,1,NRR,
31-Oct,30,C,1,0,0,1,0,NRR,
31-Oct,20,C,1,0,0,0,1,NRR,
31-Oct,20,C,2,0,1,0,1,NRR,
31-Oct,20,C,1,0,0,1,0,NRR,
31-Oct,20,C,1,0,0,1,1,NRR,
31-Oct,20,C,1,0,1,1,0,NRR,
31-Oct,20,C,2,1,1,1,1,NRR,
31-Oct,23,C,2,0,0,0,1,NRR,
31-Oct,23,C,1,0,1,0,0,NRR,
31-Oct,23,C,1,1,1,0,0,NRR,
31-Oct,23,C,1,0,1,1,1,NRR,
31-Oct,23,C,4,1,1,1,0,NRR,
31-Oct,22,C,1,1,1,0,1,NRR,
31-Oct,22,C,1,1,1,1,1,NRR,
31-Oct,22,C,1,1,1,1,0,NRR,
31-Oct,22,C,1,0,0,1,1,NRR,
31-Oct,22,C,2,0,0,1,0,NRR,
31-Oct,26,C,2,0,0,0,1,NRR,
31-Oct,26,C,1,0,0,1,1,NRR,
31-Oct,25,C,1,1,1,0,0,NRR,
31-Oct,25,C,1,1,1,1,0,NRR,
31-Oct,24,C,3,0,0,0,1,NRR,
31-Oct,24,C,2,0,0,1,0,NRR,
31-Oct,19,C,1,0,0,1,0,NRR,
31-Oct,18,C,2,0,0,0,1,NRR,
31-Oct,18,C,1,1,1,0,1,NRR,
31-Oct,17,C,1,1,1,1,1,NRR,
31-Oct,17,C,1,1,1,1,0,NRR,
31-Oct,17,C,1,0,0,1,0,NRR,
31-Oct,16,C,1,0,0,1,0,NRR,
31-Oct,16,C,1,0,0,1,1,NRR,
31-Oct,16,C,1,0,0,0,1,NRR,
31-Oct,7,C,2,1,1,0,1,NRR,
31-Oct,7,C,1,1,1,0,0,NRR,
31-Oct,7,C,1,0,0,0,1,NRR,
31-Oct,7,C,2,0,0,1,1,NRR,
31-Oct,7,C,1,0,1,1,0,NRR,
31-Oct,7,C,1,1,1,1,1,NRR,
31-Oct,38,C,1,1,1,0,1,NRR,
31-Oct,39,C,1,1,1,1,0,NRR,
31-Oct,39,C,2,0,0,0,1,NRR,
31-Oct,39,C,1,0,0,1,0,NRR,
31-Oct,44,C,2,0,0,0,1,NRR,
31-Oct,44,C,1,0,1,0,0,NRR,
31-Oct,44,C,2,0,1,1,1,NRR,
31-Oct,44,C,1,1,1,1,0,NRR,
31-Oct,36,C,1,0,0,0,1,NRR,
31-Oct,36,C,1,0,0,1,1,NRR,
31-Oct,36,C,1,0,1,1,0,NRR,
31-Oct,49,C,1,0,0,0,1,NRR,
31-Oct,49,C,1,0,1,1,1,NRR,
31-Oct,49,C,2,0,0,1,1,NRR,
31-Oct,49,C,1,1,1,1,1,NRR,
31-Oct,49,C,2,1,1,1,0,NRR,
31-Oct,1,C,1,1,1,0,0,NRR,
31-Oct,1,C,1,0,0,1,1,NRR,
31-Oct,1,C,1,0,0,1,0,NRR,
31-Oct,1,C,1,1,1,1,0,NRR,
31-Oct,2,C,3,0,0,0,1,NRR,
31-Oct,2,C,3,0,0,1,0,NRR,
31-Oct,2,C,3,1,1,1,0,NRR,
31-Oct,2,C,1,0,0,1,1,NRR,
31-Oct,5,C,2,0,0,0,1,NRR,
31-Oct,5,C,1,1,1,0,1,NRR,
31-Oct,5,C,2,1,1,1,1,NRR,
31-Oct,6,C,1,0,0,0,1,NRR,
31-Oct,6,C,1,1,1,1,1,NRR,
31-Oct,6,C,1,1,1,1,0,NRR,
31-Oct,9,C,1,0,0,1,0,NRR,
31-Oct,9,C,1,1,1,1,1,NRR,
31-Oct,17,D,2,0,0,0,1,AFB,
31-Oct,17,D,2,0,0,0,0,AFB,
31-Oct,17,D,1,0,0,1,1,AFB,
31-Oct,17,D,1,1,1,1,1,AFB,
31-Oct,18,D,1,1,1,0,0,AFB,
31-Oct,18,D,2,0,0,1,1,AFB,
31-Oct,19,D,3,1,1,1,0,AFB,
31-Oct,20,D,1,0,0,0,1,AFB,
31-Oct,20,D,1,0,0,0,0,AFB,
31-Oct,22,D,1,1,1,0,0,AFB,
31-Oct,22,D,4,0,0,0,0,AFB,
31-Oct,22,D,3,0,0,0,1,AFB,
31-Oct,22,D,1,1,1,1,1,AFB,
31-Oct,22,D,1,1,1,1,0,AFB,
31-Oct,22,D,1,1,1,1,1,AFB,
31-Oct,22,D,1,0,0,1,1,AFB,
31-Oct,23,D,1,1,1,0,1,AFB,
31-Oct,23,D,1,0,0,0,1,AFB,
31-Oct,23,D,2,0,0,0,0,AFB,
31-Oct,23,D,3,1,1,1,1,AFB,
31-Oct,24,D,3,0,0,0,0,AFB,
31-Oct,24,D,1,0,0,0,1,AFB,
31-Oct,24,D,3,1,1,0,1,AFB,
31-Oct,24,D,1,1,1,1,0,AFB,
31-Oct,24,D,2,0,0,1,1,AFB,
31-Oct,25,D,2,0,0,0,1,AFB,
31-Oct,25,D,2,0,0,0,0,AFB,
31-Oct,26,D,1,0,0,0,0,AFB,
31-Oct,26,D,1,1,1,1,1,AFB,
31-Oct,26,D,2,1,1,1,0,AFB,
31-Oct,26,D,1,0,0,1,0,AFB,
31-Oct,29,D,2,0,0,1,1,AFB,
31-Oct,29,D,2,0,0,1,0,AFB,
31-Oct,30,D,2,0,0,0,0,AFB,
31-Oct,30,D,2,0,0,0,1,AFB,
31-Oct,30,D,1,1,1,0,0,AFB,
31-Oct,32,D,1,1,1,0,0,AFB,
31-Oct,35,D,2,0,0,0,0,AFB,
1-Nov,35,B,2,1,1,1,0,UHA ,
1-Nov,35,B,4,0,1,0,1,UHA ,
1-Nov,35,B,1,0,0,0,0,UHA ,
1-Nov,35,B,1,1,1,0,0,UHA ,
1-Nov,35,B,1,0,1,1,1,UHA ,
1-Nov,41,B,1,0,0,1,1,UHA ,
1-Nov,41,B,2,1,1,1,0,UHA ,
1-Nov,41,B,2,1,1,1,1,UHA ,
1-Nov,41,B,1,0,0,0,1,UHA ,
1-Nov,41,B,1,1,1,0,1,UHA ,
1-Nov,44,B,1,0,0,1,0,UHA ,
1-Nov,44,B,2,0,0,0,0,UHA ,
1-Nov,44,B,1,0,0,0,1,UHA ,
1-Nov,44,B,1,1,1,1,0,KEW,
1-Nov,48,B,1,1,1,1,1,KEW,
1-Nov,48,B,3,0,0,0,0,KEW,
1-Nov,48,B,1,0,0,0,1,KEW,
1-Nov,5,B,1,0,0,0,1,KEW,
1-Nov,5,B,1,0,0,0,0,KEW,
1-Nov,17,B,1,1,1,1,1,KEW,
1-Nov,17,B,2,0,0,0,0,KEW,
1-Nov,17,B,1,1,1,0,1,KEW,
1-Nov,17,B,1,0,0,1,1,KEW,
1-Nov,18,B,1,1,1,1,0,KEW,
1-Nov,18,B,2,0,0,1,1,KEW,
1-Nov,18,B,1,0,0,0,0,KEW,
1-Nov,19,B,1,1,1,1,0,KEW,
1-Nov,19,B,2,1,1,1,1,KEW,
1-Nov,19,B,1,0,0,1,1,KEW,
1-Nov,19,B,1,0,0,0,0,KEW,
1-Nov,20,B,3,0,0,0,0,KEW,
1-Nov,20,B,2,0,0,0,1,KEW,
1-Nov,22,B,2,0,0,1,1,KEW,
1-Nov,34,B,1,0,1,0,1,KEW,
1-Nov,34,B,2,0,0,0,1,KEW,
1-Nov,26,B,2,0,0,0,1,KEW,
1-Nov,26,B,1,0,0,0,0,KEW,
1-Nov,31,B,1,0,0,1,1,KEW,
1-Nov,32,B,3,0,0,0,1,KEW,
1-Nov,32,B,1,1,1,0,1,KEW,
1-Nov,32,B,1,0,0,1,0,KEW,
1-Nov,32,B,1,1,1,1,0,KEW,
1-Nov,2,B,1,0,1,1,0,KEW,
1-Nov,2,B,2,0,0,0,1,KEW,
1-Nov,2,B,3,1,1,1,1,KEW,
1-Nov,20,B,2,0,0,0,0,KEW,
1-Nov,20,B,1,1,1,1,0,KEW,
1-Nov,20,B,1,1,1,1,1,KEW,
1-Nov,44,B,2,0,0,0,1,KEW,
1-Nov,44,B,3,0,0,0,0,KEW,
1-Nov,44,B,2,0,0,1,0,KEW,
1-Nov,44,B,1,1,1,1,0,KEW,
1-Nov,44,B,1,1,1,1,1,KEW,
1-Nov,18,B,1,1,1,1,0,KEW,
1-Nov,18,B,2,0,0,0,1,KEW,
1-Nov,22,B,1,0,0,0,1,KEW,
1-Nov,22,B,1,0,0,0,0,KEW,
1-Nov,31,B,3,0,0,0,0,KEW,
1-Nov,31,B,2,1,1,1,1,KEW,
1-Nov,32,B,2,0,0,0,1,KEW,
1-Nov,32,B,2,0,0,0,0,KEW,
1-Nov,35,B,2,1,1,1,0,KEW,
1-Nov,35,B,1,0,0,0,1,KEW,
1-Nov,35,B,1,1,1,0,1,KEW,
1-Nov,35,B,1,0,0,1,1,KEW,
1-Nov,35,B,1,1,1,1,1,KEW,
1-Nov,39,B,1,1,1,0,0,KEW,
1-Nov,39,B,1,0,0,0,1,KEW,
1-Nov,39,B,1,0,0,0,0,KEW,
1-Nov,43,B,2,1,1,0,0,KEW,
1-Nov,43,B,2,0,0,0,0,KEW,
1-Nov,43,B,2,0,0,0,1,KEW,
1-Nov,48,B,2,0,0,1,1,KEW,
1-Nov,48,B,2,0,0,1,0,KEW,
1-Nov,48,B,2,0,0,0,0,KEW,
1-Nov,6,B,1,0,0,0,0,KEW,
1-Nov,6,B,1,1,1,1,1,KEW,
1-Nov,31,B,2,0,0,0,0,KEW,
1-Nov,31,B,2,1,1,1,0,KEW,
1-Nov,31,B,1,1,1,0,1,KEW,
1-Nov,31,B,2,0,0,0,1,KEW,
1-Nov,31,B,2,1,1,1,1,KEW,
1-Nov,31,B,2,0,0,1,0,KEW,
1-Nov,31,B,3,0,0,0,0,KEW,
1-Nov,31,B,2,1,1,1,0,KEW,
1-Nov,22,B,2,0,0,0,1,KEW,
1-Nov,22,B,1,0,0,0,0,KEW,
1-Nov,8,B,1,0,0,0,1,KEW,
1-Nov,8,B,2,1,1,1,0,KEW,
1-Nov,8,B,2,0,0,0,0,KEW,
1-Nov,12,A,3,1,1,0,0,KEW,
1-Nov,12,A,1,0,0,0,1,KEW,
1-Nov,12,A,2,0,0,0,0,KEW,
1-Nov,17,A,1,1,1,1,0,KEW,
1-Nov,17,A,1,0,1,1,1,KEW,
1-Nov,17,A,1,0,0,1,1,KEW,
1-Nov,17,A,1,1,1,1,1,KEW,
1-Nov,17,A,1,1,1,0,0,KEW,
1-Nov,19,A,1,1,1,1,0,KEW,
1-Nov,7,A,3,1,1,1,0,KEW,
1-Nov,7,A,2,0,1,1,1,KEW,
1-Nov,7,A,1,0,0,1,1,KEW,
1-Nov,8,A,2,1,1,1,0,KEW,
1-Nov,8,A,1,0,0,1,1,KEW,
1-Nov,8,A,1,0,0,0,1,KEW,
1-Nov,8,A,1,0,0,0,0,KEW,
1-Nov,44,A,2,1,1,1,0,KEW,
1-Nov,44,A,1,1,1,0,1,KEW,
1-Nov,44,A,1,1,1,1,1,KEW,
1-Nov,13,A,2,1,1,1,1,KEW,
1-Nov,31,A,1,1,1,0,0,KEW,
1-Nov,31,A,1,0,0,0,0,KEW,
1-Nov,17,A,1,0,0,1,1,KEW,
1-Nov,17,A,1,1,1,1,0,KEW,
1-Nov,17,A,2,1,1,1,1,KEW,
1-Nov,41,A,2,0,0,1,0,KEW,
1-Nov,41,A,1,1,1,1,1,KEW,
1-Nov,41,A,1,1,1,0,1,KEW,
1-Nov,41,A,1,1,1,0,1,KEW,
1-Nov,41,A,1,1,1,0,0,UHA ,
1-Nov,1,A,2,0,0,1,1,UHA ,
1-Nov,1,A,1,0,0,0,1,UHA ,
1-Nov,2,A,3,0,0,0,0,UHA ,
1-Nov,2,A,2,1,1,1,0,UHA ,
1-Nov,2,A,1,0,0,1,1,UHA ,
1-Nov,8,A,3,0,0,0,0,UHA ,
1-Nov,8,A,1,1,1,0,0,UHA ,
1-Nov,8,A,2,1,1,1,1,UHA ,
1-Nov,7,A,2,0,0,0,1,UHA ,
1-Nov,7,A,1,0,0,1,1,UHA ,
1-Nov,7,A,2,0,0,0,0,UHA ,
1-Nov,22,A,2,1,1,1,1,UHA ,
1-Nov,22,A,1,0,0,0,1,UHA ,
1-Nov,21,A,1,0,1,1,1,UHA ,
1-Nov,19,D,3,0,0,1,1,HNT,
1-Nov,19,D,1,0,0,1,0,HNT,
1-Nov,20,D,1,1,1,1,0,HNT,
1-Nov,20,D,1,1,1,1,1,HNT,
1-Nov,20,D,2,0,0,1,1,HNT,
1-Nov,20,D,2,0,0,0,0,HNT,
1-Nov,22,D,1,1,1,0,0,HNT,
1-Nov,22,D,2,0,0,0,0,HNT,
1-Nov,22,D,3,0,0,0,1,HNT,
1-Nov,22,D,1,0,0,1,0,HNT,
1-Nov,22,D,2,0,0,1,1,HNT,
1-Nov,22,D,2,0,0,1,0,HNT,
1-Nov,34,D,2,1,1,0,0,KEW,
1-Nov,34,D,2,0,0,0,0,KEW,
1-Nov,34,D,1,0,0,1,0,KEW,
1-Nov,35,D,1,0,0,1,0,KEW,
1-Nov,35,D,1,0,0,1,1,KEW,
1-Nov,35,D,1,0,1,1,1,KEW,
1-Nov,35,D,1,0,0,0,0,KEW,
1-Nov,35,D,1,1,1,0,0,KEW,
1-Nov,35,D,1,0,0,0,1,KEW,
1-Nov,35,D,5,1,1,1,0,KEW,
1-Nov,36,D,1,0,0,0,1,KEW,
1-Nov,36,D,1,0,0,1,1,KEW,
1-Nov,37,D,1,0,0,0,1,KEW,
1-Nov,37,D,1,0,0,0,0,KEW,
1-Nov,2,D,1,0,0,1,1,AFB,
1-Nov,2,D,3,0,0,0,0,AFB,
1-Nov,2,D,1,1,1,0,0,AFB,
1-Nov,2,D,1,0,0,0,1,AFB,
1-Nov,5,D,1,0,0,0,0,AFB,
1-Nov,5,D,1,0,0,0,1,AFB,
1-Nov,5,D,1,1,1,0,0,AFB,
1-Nov,5,D,3,0,0,0,0,AFB,
1-Nov,6,D,4,0,0,0,1,AFB,
1-Nov,6,D,3,0,0,0,0,AFB,
1-Nov,6,D,1,1,1,0,0,AFB,
1-Nov,6,D,4,1,1,1,0,AFB,
1-Nov,6,D,1,1,1,1,1,AFB,
1-Nov,6,D,1,0,0,1,0,AFB,
1-Nov,21,D,4,0,0,0,0,AFB,
1-Nov,21,D,4,0,0,0,1,AFB,
1-Nov,21,D,2,1,1,1,0,AFB,
1-Nov,21,D,2,0,0,1,1,AFB,
1-Nov,1,C,1,0,0,1,0,NRR,
1-Nov,2,C,1,0,0,1,1,NRR,
1-Nov,2,C,1,1,1,0,0,NRR,
1-Nov,2,C,1,1,1,0,1,NRR,
1-Nov,2,C,1,0,0,0,1,NRR,
1-Nov,5,C,2,1,1,1,0,NRR,
1-Nov,6,C,1,0,0,1,0,NRR,
1-Nov,6,C,1,0,0,0,1,NRR,
1-Nov,7,C,2,1,1,0,0,NRR,
1-Nov,7,C,1,1,1,0,1,NRR,
1-Nov,7,C,1,0,0,0,1,NRR,
1-Nov,7,C,2,1,1,1,1,NRR,
1-Nov,13,C,2,0,0,1,0,NRR,
1-Nov,13,C,1,0,0,0,1,NRR,
1-Nov,20,C,1,1,1,0,0,NRR,
1-Nov,20,C,1,0,0,0,1,NRR,
1-Nov,25,C,1,0,0,0,1,NRR,
1-Nov,25,C,1,0,0,1,0,NRR,
1-Nov,49,C,1,0,1,0,0,NRR,
1-Nov,49,C,1,1,1,0,1,NRR,
1-Nov,48,C,3,0,0,0,1,NRR,
1-Nov,48,C,1,1,1,0,0,NRR,
1-Nov,48,C,1,0,0,1,0,NRR,
1-Nov,48,C,1,0,0,1,1,NRR,
1-Nov,48,C,1,1,1,1,0,NRR,
1-Nov,44,C,1,0,0,0,1,NRR,
1-Nov,44,C,3,1,1,1,0,NRR,
1-Nov,41,C,1,0,0,1,1,NRR,
1-Nov,41,C,1,0,1,1,0,NRR,
1-Nov,35,C,1,0,1,0,1,NRR,
1-Nov,35,C,2,0,0,1,1,NRR,
1-Nov,35,C,1,0,1,1,1,NRR,
1-Nov,35,C,1,1,1,1,1,NRR,
1-Nov,34,C,1,0,0,0,1,NRR,
1-Nov,34,C,1,1,1,0,0,NRR,
1-Nov,34,C,2,0,0,1,1,NRR,
1-Nov,34,C,1,1,1,1,0,NRR,
1-Nov,39,C,1,1,1,0,0,NRR,
1-Nov,39,C,1,1,1,1,1,NRR,
1-Nov,39,C,1,1,1,1,0,NRR,
1-Nov,38,C,1,0,0,0,1,NRR,
1-Nov,38,C,1,0,1,1,1,NRR,
1-Nov,32,C,1,1,1,0,1,NRR,
1-Nov,32,C,1,0,0,1,1,NRR,
1-Nov,32,C,2,1,1,1,1,NRR,
1-Nov,23,C,1,1,1,0,0,KEW,
1-Nov,23,C,4,0,0,1,0,KEW,
1-Nov,23,C,2,1,1,1,0,KEW,
1-Nov,23,C,2,1,1,1,1,KEW,
1-Nov,23,C,1,0,0,1,1,KEW,
1-Nov,23,C,2,0,0,0,1,KEW,
1-Nov,23,C,1,1,1,0,1,KEW,
1-Nov,23,C,1,0,0,0,0,KEW,
1-Nov,24,C,1,1,1,1,1,KEW,
1-Nov,24,C,1,0,0,1,1,KEW,
1-Nov,24,C,1,0,0,0,1,KEW,
1-Nov,24,C,1,1,1,0,0,KEW,
1-Nov,25,C,1,1,1,1,1,KEW,
1-Nov,25,C,1,0,0,1,1,KEW,
1-Nov,25,C,1,1,1,1,0,KEW,
1-Nov,25,C,1,1,1,0,0,KEW,
1-Nov,25,C,1,0,0,0,0,KEW,
1-Nov,25,C,1,1,1,0,1,KEW,
1-Nov,25,C,1,0,0,0,1,KEW,
1-Nov,26,C,1,0,0,1,0,KEW,
1-Nov,26,C,1,0,0,1,1,KEW,
1-Nov,26,C,2,0,0,0,0,KEW,
1-Nov,26,C,1,1,1,0,0,KEW,
1-Nov,30,C,5,0,0,0,1,KEW,
1-Nov,30,C,1,1,1,0,1,KEW,
1-Nov,30,C,1,1,1,0,0,KEW,
1-Nov,30,C,1,0,1,1,1,KEW,
1-Nov,30,C,1,1,1,1,0,KEW,
1-Nov,30,C,2,0,0,1,0,KEW,
1-Nov,31,C,5,0,0,0,0,KEW,
1-Nov,31,C,2,0,0,0,1,KEW,
1-Nov,1,D,1,0,0,1,1,HNT,
1-Nov,1,D,1,0,0,1,0,HNT,
1-Nov,1,D,3,0,0,0,1,HNT,
1-Nov,1,D,1,1,1,0,0,HNT,
1-Nov,7,D,2,1,1,1,1,HNT,
1-Nov,7,D,1,1,1,1,0,HNT,
1-Nov,7,D,1,0,0,1,1,HNT,
1-Nov,7,D,2,1,1,0,0,HNT,
1-Nov,7,D,2,1,1,0,1,HNT,
1-Nov,7,D,1,0,0,0,0,HNT,
1-Nov,7,D,1,0,0,0,1,HNT,
1-Nov,9,D,1,0,0,0,1,HNT,
1-Nov,9,D,1,0,0,0,0,HNT,
1-Nov,9,D,1,0,0,1,1,HNT,
1-Nov,9,D,2,1,1,1,1,HNT,
1-Nov,12,D,3,0,0,0,1,HNT,
1-Nov,12,D,1,1,1,1,1,HNT,
1-Nov,12,D,1,1,1,0,0,HNT,
1-Nov,13,D,2,0,0,0,0,HNT,
1-Nov,13,D,1,1,1,0,1,HNT,
1-Nov,13,D,1,1,1,0,0,HNT,
1-Nov,13,D,1,0,0,1,0,HNT,
1-Nov,13,D,2,1,1,1,0,HNT,
1-Nov,13,D,2,1,1,1,1,HNT,
1-Nov,16,D,6,0,0,0,0,HNT,
1-Nov,16,D,5,0,0,0,1,HNT,
1-Nov,16,D,2,0,0,1,1,HNT,
1-Nov,16,D,1,0,0,1,0,HNT,
1-Nov,16,D,2,1,1,1,0,HNT,
1-Nov,16,D,1,1,1,1,1,HNT,
1-Nov,17,D,3,0,0,0,0,HNT,
1-Nov,17,D,2,0,0,0,1,HNT,
1-Nov,17,D,2,1,1,0,1,HNT,
1-Nov,17,D,2,0,0,1,1,HNT,
1-Nov,17,D,2,0,0,1,0,HNT,
1-Nov,17,D,1,1,1,1,1,HNT,
1-Nov,17,D,4,1,1,1,0,HNT,
1-Nov,18,D,3,0,0,0,0,HNT,
1-Nov,18,D,1,0,0,0,1,HNT,
1-Nov,18,D,1,1,1,1,0,HNT,
1-Nov,19,D,1,0,0,0,0,HNT,
1-Nov,19,D,1,1,1,0,1,HNT,
2-Nov,48,D,1,1,1,1,0,NRR,
2-Nov,48,D,1,0,1,1,1,NRR,
2-Nov,48,D,1,1,1,0,0,NRR,
2-Nov,48,D,3,0,0,0,1,NRR,
2-Nov,45,D,3,0,0,0,1,NRR,
2-Nov,45,D,1,1,1,1,1,NRR,
2-Nov,45,D,1,0,0,1,0,NRR,
2-Nov,26,D,1,0,0,0,1,NRR,
2-Nov,26,D,1,1,1,0,1,NRR,
2-Nov,26,D,2,0,0,1,1,NRR,
2-Nov,26,D,2,0,1,1,1,NRR,
2-Nov,26,D,1,1,1,1,1,NRR,
2-Nov,30,D,2,0,0,1,0,NRR,
2-Nov,30,D,1,0,0,1,1,NRR,
2-Nov,31,D,5,1,1,0,0,NRR,
2-Nov,31,D,2,0,0,0,1,NRR,
2-Nov,31,D,1,0,1,0,1,NRR,
2-Nov,31,D,3,1,1,0,1,NRR,
2-Nov,31,D,3,0,0,1,0,NRR,
2-Nov,31,D,1,0,0,1,1,NRR,
2-Nov,31,D,1,1,1,1,0,NRR,
2-Nov,31,D,1,0,1,1,1,NRR,
2-Nov,32,D,1,0,0,1,1,NRR,
2-Nov,32,D,2,0,0,0,1,NRR,
2-Nov,34,D,1,0,0,1,1,NRR,
2-Nov,34,D,1,1,1,1,0,NRR,
2-Nov,34,D,2,0,0,0,1,NRR,
2-Nov,35,D,1,0,0,1,1,NRR,
2-Nov,35,D,2,0,1,1,1,NRR,
2-Nov,35,D,3,0,0,0,1,NRR,
2-Nov,35,D,1,1,1,0,0,NRR,
2-Nov,35,D,1,0,1,0,0,NRR,
2-Nov,35,D,1,0,1,0,1,NRR,
2-Nov,37,D,1,1,1,0,1,NRR,
2-Nov,39,D,1,0,0,0,1,NRR,
2-Nov,44,D,1,0,1,0,0,NRR,
2-Nov,44,D,1,0,0,0,1,NRR,
2-Nov,44,D,3,0,0,1,1,NRR,
2-Nov,44,D,1,0,0,1,0,NRR,
2-Nov,44,D,2,1,1,1,0,NRR,
2-Nov,44,D,1,1,1,1,1,NRR,
2-Nov,49,D,3,0,0,0,1,NRR,
2-Nov,49,D,2,0,0,1,1,NRR,
2-Nov,49,D,1,1,1,1,0,NRR,
2-Nov,49,D,1,0,1,1,1,NRR,
2-Nov,49,D,1,1,1,1,1,NRR,
2-Nov,36,D,2,0,0,0,1,NRR,
2-Nov,36,D,1,0,1,0,0,NRR,
2-Nov,36,D,2,0,1,1,0,NRR,
2-Nov,36,D,1,0,0,1,1,NRR,
2-Nov,24,D,1,0,0,0,1,NRR,
2-Nov,24,D,2,1,1,1,0,NRR,
2-Nov,24,D,1,0,0,1,0,NRR,
2-Nov,24,D,2,0,0,1,1,NRR,
2-Nov,24,D,1,0,1,1,1,NRR,
2-Nov,23,D,1,1,1,1,1,NRR,
2-Nov,23,D,1,0,0,1,0,NRR,
2-Nov,23,D,1,1,1,0,1,NRR,
2-Nov,23,D,4,0,0,0,1,NRR,
2-Nov,23,D,1,1,1,0,0,NRR,
2-Nov,22,D,1,0,0,0,1,NRR,
2-Nov,22,D,1,0,1,0,0,NRR,
2-Nov,22,D,1,1,1,0,0,NRR,
2-Nov,22,D,1,0,0,1,1,NRR,
2-Nov,22,D,1,1,1,1,0,NRR,
2-Nov,22,D,1,1,1,1,1,NRR,
2-Nov,21,D,1,0,0,1,0,NRR,
2-Nov,21,D,1,0,0,1,1,NRR,
2-Nov,21,D,3,0,0,0,1,NRR,
2-Nov,21,D,1,0,1,0,1,NRR,
2-Nov,20,D,1,0,0,0,1,NRR,
2-Nov,20,D,3,0,1,0,1,NRR,
2-Nov,20,D,1,1,1,0,0,NRR,
2-Nov,20,D,1,0,1,1,0,NRR,
2-Nov,20,D,2,1,1,1,1,NRR,
2-Nov,20,D,1,0,0,1,1,NRR,
2-Nov,20,D,1,0,1,1,1,NRR,
2-Nov,20,D,1,0,1,1,0,NRR,
2-Nov,20,D,2,0,1,1,1,NRR,
2-Nov,19,D,2,0,0,1,1,NRR,
2-Nov,18,D,2,0,0,0,1,NRR,
2-Nov,18,D,1,1,1,0,0,NRR,
2-Nov,18,D,1,1,1,1,0,NRR,
2-Nov,18,D,1,0,1,1,0,NRR,
2-Nov,18,D,2,0,1,1,1,NRR,
2-Nov,18,D,2,0,0,1,0,NRR,
2-Nov,17,D,1,1,1,0,1,NRR,
2-Nov,17,D,2,1,1,1,0,NRR,
2-Nov,16,D,1,0,0,1,0,NRR,
2-Nov,16,D,1,0,1,1,1,NRR,
2-Nov,16,D,1,1,1,1,1,NRR,
2-Nov,16,D,2,1,1,0,0,NRR,
2-Nov,16,D,2,0,0,0,1,NRR,
2-Nov,1,D,2,0,0,0,1,NRR,
2-Nov,1,D,1,1,1,0,1,NRR,
2-Nov,1,D,1,0,0,1,0,NRR,
2-Nov,1,D,1,1,1,1,1,NRR,
2-Nov,2,D,2,0,0,1,0,NRR,
2-Nov,2,D,2,0,0,1,1,NRR,
2-Nov,5,D,3,0,0,0,1,NRR,
2-Nov,5,D,1,1,1,1,1,NRR,
2-Nov,5,D,1,0,0,1,1,NRR,
2-Nov,5,D,1,0,0,1,0,NRR,
2-Nov,6,D,1,1,1,0,0,NRR,
2-Nov,7,D,3,0,0,0,1,NRR,
2-Nov,7,D,1,1,1,0,1,NRR,
2-Nov,7,D,1,1,1,1,1,NRR,
2-Nov,7,D,3,0,0,1,0,NRR,
2-Nov,8,D,2,0,0,0,1,NRR,
2-Nov,8,D,1,0,1,1,1,NRR,
2-Nov,8,D,1,1,1,1,0,NRR,
2-Nov,8,D,1,0,0,1,0,NRR,
2-Nov,9,D,2,0,0,0,1,NRR,
2-Nov,9,D,1,1,1,0,1,NRR,
2-Nov,13,D,1,1,1,0,0,NRR,
2-Nov,13,D,2,0,0,1,1,NRR,
2-Nov,15,D,2,0,0,0,1,NRR,
2-Nov,15,D,1,0,0,1,0,NRR,
2-Nov,15,D,1,0,0,1,1,NRR,
2-Nov,25,D,3,0,0,1,0,NRR,
2-Nov,25,D,3,1,1,0,0,NRR,
2-Nov,25,D,1,0,0,0,1,NRR,
2-Nov,25,D,1,0,1,0,1,NRR,
2-Nov,1,C,1,0,0,0,1,NRR,
2-Nov,1,C,1,1,1,0,1,NRR,
2-Nov,1,C,1,1,1,1,1,NRR,
2-Nov,1,C,1,1,1,1,0,NRR,
2-Nov,1,C,1,0,0,1,1,NRR,
2-Nov,2,C,1,0,0,0,1,NRR,
2-Nov,6,C,3,0,0,0,1,NRR,
2-Nov,6,C,2,0,0,1,1,NRR,
2-Nov,7,C,1,0,0,0,1,NRR,
2-Nov,7,C,1,1,1,0,0,NRR,
2-Nov,7,C,3,0,0,1,1,NRR,
2-Nov,7,C,1,1,1,1,1,NRR,
2-Nov,9,C,1,0,0,0,1,NRR,
2-Nov,9,C,2,1,1,1,1,NRR,
2-Nov,9,C,1,1,1,1,0,NRR,
2-Nov,9,C,1,0,0,1,1,NRR,
2-Nov,12,C,1,0,1,0,0,NRR,
2-Nov,12,C,1,0,0,0,1,NRR,
2-Nov,12,C,1,1,1,1,0,NRR,
2-Nov,12,C,2,0,1,1,0,NRR,
2-Nov,16,C,1,0,0,1,0,NRR,
2-Nov,16,C,1,1,1,1,0,NRR,
2-Nov,17,C,2,0,0,0,1,NRR,
2-Nov,17,C,1,1,1,0,0,NRR,
2-Nov,17,C,2,0,0,1,0,NRR,
2-Nov,17,C,1,1,1,1,0,NRR,
2-Nov,18,C,3,0,0,0,1,NRR,
2-Nov,18,C,1,1,1,0,0,NRR,
2-Nov,18,C,1,1,1,0,1,NRR,
2-Nov,18,C,3,0,0,1,0,NRR,
2-Nov,18,C,2,0,0,1,1,NRR,
2-Nov,18,C,2,1,1,1,1,NRR,
2-Nov,19,C,1,0,0,0,1,NRR,
2-Nov,19,C,2,1,1,1,1,NRR,
2-Nov,19,C,1,0,0,1,0,NRR,
2-Nov,19,C,2,1,1,0,0,NRR,
2-Nov,19,C,2,0,0,0,1,NRR,
2-Nov,19,C,2,0,0,1,0,NRR,
2-Nov,19,C,3,1,1,1,0,NRR,
2-Nov,19,C,2,1,1,1,1,NRR,
2-Nov,24,C,1,0,0,1,0,NRR,
2-Nov,1,C,1,0,0,1,1,NRR,
2-Nov,24,C,1,1,1,1,1,NRR,
2-Nov,24,C,1,0,1,0,0,NRR,
2-Nov,31,C,1,1,1,0,1,NRR,
2-Nov,32,C,2,0,0,0,1,NRR,
2-Nov,32,C,1,0,1,1,1,NRR,
2-Nov,32,C,1,0,1,1,0,NRR,
2-Nov,32,C,1,1,1,1,1,NRR,
2-Nov,34,C,2,0,0,0,1,NRR,
2-Nov,34,C,1,1,1,1,1,NRR,
2-Nov,34,C,2,0,0,1,1,NRR,
2-Nov,35,C,1,0,0,0,1,NRR,
2-Nov,35,C,1,1,1,1,1,NRR,
2-Nov,35,C,3,0,1,1,1,NRR,
2-Nov,35,C,1,1,1,1,0,NRR,
2-Nov,48,C,1,0,0,0,1,NRR,
2-Nov,48,C,2,0,0,1,1,NRR,
2-Nov,48,C,1,1,1,1,0,NRR,
2-Nov,20,C,1,0,0,0,1,NRR,
2-Nov,20,C,1,1,1,0,0,NRR,
2-Nov,20,C,1,0,1,1,1,NRR,
3-Nov,5,C,1,0,0,0,1,NRR,
3-Nov,7,C,2,1,1,0,1,NRR,
3-Nov,7,C,1,1,1,0,0,NRR,
3-Nov,7,C,2,0,0,0,1,NRR,
3-Nov,13,C,3,0,0,0,1,NRR,
3-Nov,13,C,1,1,1,1,1,NRR,
3-Nov,13,C,1,1,1,1,0,NRR,
3-Nov,16,C,1,0,0,0,1,NRR,
3-Nov,16,C,1,1,1,0,1,NRR,
3-Nov,16,C,1,1,1,1,0,NRR,
3-Nov,17,C,1,1,1,0,0,NRR,
3-Nov,17,C,2,1,1,1,0,NRR,
3-Nov,17,C,1,1,1,1,1,NRR,
3-Nov,17,C,2,0,0,1,1,NRR,
3-Nov,20,C,1,0,0,0,1,NRR,
3-Nov,20,C,1,0,0,1,0,NRR,
3-Nov,20,C,1,1,1,1,1,NRR,
3-Nov,22,C,1,0,0,1,0,NRR,
3-Nov,22,C,1,0,0,1,1,NRR,
3-Nov,22,C,1,1,1,0,0,NRR,
3-Nov,22,C,1,1,1,0,1,NRR,
3-Nov,31,C,1,1,1,1,0,NRR,
3-Nov,31,C,1,1,1,0,0,NRR,
3-Nov,31,C,2,0,0,0,1,NRR,
3-Nov,35,C,1,1,1,1,0,NRR,
3-Nov,35,C,1,0,1,1,1,NRR,
3-Nov,37,C,1,1,1,1,1,NRR,
3-Nov,37,C,1,0,1,1,1,NRR,
3-Nov,44,C,4,0,0,0,1,NRR,
3-Nov,44,C,1,0,1,1,0,NRR,
3-Nov,44,C,2,1,1,1,1,NRR,
3-Nov,44,C,1,1,1,1,0,NRR,
3-Nov,49,D,3,1,1,1,1,KEW,
3-Nov,49,D,1,1,1,1,0,KEW,
3-Nov,49,D,1,0,0,1,0,KEW,
3-Nov,49,D,1,0,0,0,0,KEW,
3-Nov,49,D,1,0,0,0,1,KEW,
3-Nov,49,D,1,1,1,0,1,KEW,
3-Nov,48,D,1,1,0,1,0,KEW,
3-Nov,48,D,1,1,1,1,0,KEW,
3-Nov,48,D,1,0,0,0,1,KEW,
3-Nov,48,D,1,0,0,0,0,KEW,
3-Nov,44,D,1,1,1,1,0,KEW,
3-Nov,44,D,1,0,1,1,0,KEW,
3-Nov,44,D,1,0,0,1,0,KEW,
3-Nov,44,D,2,1,1,0,0,KEW,
3-Nov,44,D,3,1,1,0,1,KEW,
3-Nov,44,D,3,0,0,0,1,KEW,
3-Nov,38,D,2,0,0,1,1,KEW,
3-Nov,38,D,1,1,1,1,1,KEW,
3-Nov,38,D,1,1,1,1,0,KEW,
3-Nov,36,D,1,0,0,1,0,KEW,
3-Nov,36,D,1,0,0,1,1,KEW,
3-Nov,36,D,2,0,0,0,1,KEW,
3-Nov,36,D,1,0,0,0,0,KEW,
3-Nov,35,D,2,1,1,1,1,KEW,
3-Nov,35,D,1,0,0,1,1,KEW,
3-Nov,35,D,1,0,0,1,0,KEW,
3-Nov,35,D,2,0,0,0,1,KEW,
3-Nov,35,D,2,0,0,0,0,KEW,
3-Nov,34,D,2,0,0,0,0,KEW,
3-Nov,34,D,1,0,0,1,1,KEW,
3-Nov,34,D,1,0,0,1,0,KEW,
3-Nov,34,D,1,0,0,0,1,KEW,
3-Nov,32,D,2,0,0,0,0,KEW,
3-Nov,32,D,3,0,0,0,1,KEW,
3-Nov,32,D,1,1,1,0,0,KEW,
3-Nov,32,D,1,0,0,1,1,KEW,
3-Nov,32,D,1,1,1,1,0,KEW,
3-Nov,31,D,3,0,0,1,0,KEW,
3-Nov,31,D,2,0,0,1,1,KEW,
3-Nov,31,D,3,0,0,0,0,KEW,
3-Nov,31,D,4,0,0,0,1,KEW,
3-Nov,31,D,4,1,1,0,0,KEW,
3-Nov,29,D,2,0,0,0,1,KEW,
3-Nov,25,D,1,1,1,1,0,KEW,
3-Nov,25,D,1,0,0,1,1,KEW,
3-Nov,25,D,1,1,1,0,0,KEW,
3-Nov,25,D,1,0,0,0,1,KEW,
3-Nov,22,D,2,0,0,1,0,KEW,
3-Nov,22,D,2,1,1,1,0,KEW,
3-Nov,22,D,1,0,0,1,1,KEW,
3-Nov,22,D,2,0,0,0,0,KEW,
3-Nov,22,D,1,1,1,0,0,KEW,
3-Nov,22,D,2,0,0,0,1,KEW,
3-Nov,24,D,1,0,0,0,0,KEW,
3-Nov,24,D,1,0,0,0,1,KEW,
3-Nov,24,D,3,1,1,1,0,KEW,
3-Nov,23,D,2,0,0,0,0,KEW,
3-Nov,23,D,2,0,0,0,1,KEW,
3-Nov,23,D,2,1,1,1,0,KEW,
3-Nov,23,D,1,1,1,0,0,KEW,
3-Nov,21,D,1,1,1,1,1,KEW,
3-Nov,21,D,1,0,0,1,1,KEW,
3-Nov,21,D,1,0,0,1,0,KEW,
3-Nov,21,D,1,0,0,0,1,KEW,
3-Nov,19,D,1,1,1,0,1,KEW,
3-Nov,19,D,1,1,1,1,0,KEW,
3-Nov,19,D,2,0,0,1,1,KEW,
3-Nov,18,D,2,0,0,0,0,KEW,
3-Nov,18,D,2,0,0,0,1,KEW,
3-Nov,18,D,1,0,0,1,1,KEW,
3-Nov,18,D,1,1,1,1,1,KEW,
3-Nov,18,D,1,0,0,1,0,KEW,
3-Nov,20,D,4,0,0,0,1,KEW,
3-Nov,20,D,3,0,0,0,0,KEW,
3-Nov,20,D,1,1,1,0,1,KEW,
3-Nov,20,D,1,1,1,0,0,KEW,
3-Nov,20,D,1,1,1,1,1,KEW,
3-Nov,20,D,1,1,1,1,0,KEW,
3-Nov,20,D,1,0,1,1,1,KEW,
3-Nov,30,D,2,0,0,0,0,KEW,
3-Nov,30,D,1,0,0,0,1,KEW,
3-Nov,17,D,1,0,0,0,0,KEW,
3-Nov,17,D,1,1,1,1,1,KEW,
3-Nov,16,D,2,1,1,1,1,KEW,
3-Nov,16,D,3,0,0,0,1,KEW,
3-Nov,16,D,1,0,0,1,1,KEW,
3-Nov,16,D,1,0,0,1,0,KEW,
3-Nov,16,D,2,0,0,0,0,KEW,
3-Nov,13,D,3,0,0,0,1,KEW,
3-Nov,13,D,1,0,0,0,0,KEW,
3-Nov,13,D,1,0,0,1,0,KEW,
3-Nov,7,D,1,1,1,0,1,KEW,
3-Nov,7,D,1,1,1,0,0,KEW,
3-Nov,7,D,1,1,1,1,0,KEW,
3-Nov,6,D,1,0,0,0,1,KEW,
3-Nov,6,D,2,1,1,1,1,KEW,
3-Nov,2,D,2,1,1,1,1,KEW,
3-Nov,2,D,1,1,1,1,0,KEW,
3-Nov,2,D,1,0,0,1,0,KEW,
3-Nov,2,D,1,0,0,1,1,KEW,
3-Nov,2,D,1,0,0,0,1,KEW,
3-Nov,2,D,1,0,0,0,0,KEW,
3-Nov,1,D,1,0,0,1,0,KEW,
3-Nov,1,D,1,0,0,0,1,KEW,
3-Nov,1,D,3,0,0,0,0,KEW,
4-Nov,1,D,2,1,1,1,0,AFB,
4-Nov,1,D,1,0,0,1,0,AFB,
4-Nov,2,D,1,0,0,0,1,AFB,
4-Nov,2,D,1,0,0,0,0,AFB,
4-Nov,2,D,3,1,1,1,0,AFB,
4-Nov,2,D,1,0,0,1,1,AFB,
4-Nov,2,D,3,1,1,1,1,AFB,
4-Nov,7,D,1,0,0,0,0,AFB,
4-Nov,7,D,1,1,1,0,1,AFB,
4-Nov,7,D,1,1,1,1,1,AFB,
4-Nov,7,D,1,0,0,1,1,AFB,
4-Nov,13,D,1,0,0,0,0,AFB,
4-Nov,13,D,2,0,0,0,0,AFB,
4-Nov,13,D,4,1,1,1,1,AFB,
4-Nov,13,D,1,1,1,1,0,AFB,
4-Nov,13,D,1,0,0,1,0,AFB,
4-Nov,16,D,3,0,0,0,0,AFB,
4-Nov,16,D,2,0,0,0,1,AFB,
4-Nov,16,D,1,1,1,0,1,AFB,
4-Nov,16,D,1,1,1,1,1,AFB,
4-Nov,16,D,2,1,1,1,0,AFB,
4-Nov,16,D,1,0,1,0,0,AFB,
4-Nov,17,D,1,1,1,1,1,AFB,
4-Nov,17,D,1,0,0,0,1,AFB,
4-Nov,18,D,2,0,0,0,0,AFB,
4-Nov,18,D,1,0,0,0,1,AFB,
4-Nov,18,D,1,1,1,0,0,AFB,
4-Nov,18,D,2,1,1,1,1,AFB,
4-Nov,19,D,2,1,1,1,0,AFB,
4-Nov,20,D,1,0,0,0,1,AFB,
4-Nov,20,D,1,0,0,0,0,AFB,
4-Nov,20,D,1,1,1,0,0,AFB,
4-Nov,20,D,1,1,1,1,0,AFB,
4-Nov,20,D,2,0,0,1,1,AFB,
4-Nov,22,D,1,0,0,0,1,AFB,
4-Nov,22,D,1,0,0,0,0,AFB,
4-Nov,22,D,1,1,1,0,0,AFB,
4-Nov,22,D,1,1,1,1,1,AFB,
4-Nov,22,D,1,1,1,1,0,AFB,
4-Nov,25,D,1,1,1,1,0,AFB,
4-Nov,31,D,3,0,0,0,0,AFB,
4-Nov,31,D,1,0,0,0,1,AFB,
4-Nov,31,D,1,0,0,1,1,AFB,
4-Nov,23,D,2,0,0,0,0,AFB,
4-Nov,23,D,1,0,0,0,1,AFB,
4-Nov,23,D,3,1,1,1,0,AFB,
4-Nov,34,D,1,1,1,0,1,AFB,
4-Nov,34,D,3,0,0,1,0,AFB,
4-Nov,34,D,1,0,0,1,1,AFB,
4-Nov,35,D,1,1,1,0,1,AFB,
4-Nov,35,D,2,1,1,1,1,AFB,
4-Nov,35,D,3,1,1,1,0,AFB,
4-Nov,44,D,2,0,0,0,0,AFB,
4-Nov,44,D,1,1,1,0,0,AFB,
4-Nov,44,D,2,1,1,0,1,AFB,
4-Nov,44,D,3,0,0,0,1,AFB,
4-Nov,44,D,1,1,1,1,0,AFB,
4-Nov,44,D,3,1,1,1,1,AFB,
4-Nov,44,D,1,1,1,1,1,AFB,
4-Nov,44,D,2,0,0,1,1,AFB,
4-Nov,45,D,3,1,1,1,1,AFB,
4-Nov,1,C,1,1,1,1,0,UHA ,
4-Nov,1,C,2,0,0,1,1,UHA ,
4-Nov,1,C,2,0,0,1,0,UHA ,
4-Nov,1,C,1,1,1,1,1,UHA ,
4-Nov,1,C,1,0,0,0,0,UHA ,
4-Nov,13,C,2,0,1,1,0,UHA ,
4-Nov,13,C,2,1,1,1,0,UHA ,
4-Nov,13,C,3,0,0,0,0,UHA ,
4-Nov,13,C,1,0,0,0,1,UHA ,
4-Nov,5,C,1,0,0,1,1,UHA ,
4-Nov,5,C,2,1,1,0,1,UHA ,
4-Nov,5,C,2,0,0,1,0,UHA ,
4-Nov,17,C,3,1,1,1,1,UHA ,
4-Nov,17,C,3,0,0,1,1,UHA ,
4-Nov,17,C,2,0,1,1,1,UHA ,
4-Nov,17,C,1,0,0,0,1,UHA ,
4-Nov,17,C,1,0,0,0,0,UHA ,
4-Nov,17,C,1,1,1,1,0,UHA ,
4-Nov,81,C,1,1,1,1,1,UHA ,
4-Nov,81,C,2,0,0,0,1,UHA ,
4-Nov,81,C,2,0,0,1,1,UHA ,
4-Nov,31,C,2,1,1,1,0,UHA ,
4-Nov,18,C,1,1,1,0,1,UHA ,
4-Nov,18,C,3,0,0,0,1,UHA ,
4-Nov,18,C,2,0,0,0,0,UHA ,
4-Nov,18,C,1,1,1,1,0,UHA ,
4-Nov,19,C,5,0,0,0,0,UHA ,
4-Nov,19,C,2,1,1,0,1,UHA ,
4-Nov,19,C,1,1,1,1,0,UHA ,
4-Nov,19,C,2,1,1,1,1,UHA ,
4-Nov,20,C,3,1,1,1,1,UHA ,
4-Nov,20,C,2,0,0,1,1,UHA ,
4-Nov,20,C,1,0,0,0,1,UHA ,
4-Nov,20,C,2,0,0,0,0,UHA ,
4-Nov,20,C,2,1,1,0,1,UHA ,
4-Nov,22,C,1,0,0,0,0,UHA ,
4-Nov,22,C,1,1,1,1,0,UHA ,
4-Nov,22,C,2,0,1,1,0,UHA ,
4-Nov,22,C,2,0,0,1,1,UHA ,
4-Nov,22,C,1,0,0,0,1,UHA ,
4-Nov,35,C,3,1,1,1,0,UHA ,
4-Nov,35,C,2,0,1,1,0,UHA ,
4-Nov,35,C,2,0,0,0,1,UHA ,
4-Nov,44,C,3,1,1,1,1,UHA ,
4-Nov,44,C,2,0,0,0,1,UHA ,
4-Nov,44,C,1,0,0,0,0,UHA ,
4-Nov,2,C,1,0,1,1,1,UHA ,
4-Nov,2,C,1,1,1,0,1,UHA ,
4-Nov,2,C,1,0,0,0,0,UHA ,
4-Nov,2,C,2,0,0,0,1,UHA ,
4-Nov,2,C,3,1,1,1,1,UHA ,
4-Nov,2,C,1,0,0,0,0,HNT,
4-Nov,2,C,1,0,0,0,1,HNT,
4-Nov,2,C,1,1,1,1,1,HNT,
4-Nov,3,C,2,0,0,0,1,HNT,
4-Nov,5,C,2,1,1,1,1,HNT,
4-Nov,7,C,2,1,1,1,1,HNT,
4-Nov,7,C,1,0,0,1,1,HNT,
4-Nov,7,C,1,1,1,0,0,HNT,
4-Nov,7,C,1,1,1,0,1,HNT,
4-Nov,7,C,2,0,0,0,1,HNT,
4-Nov,7,C,2,0,0,0,0,HNT,
4-Nov,4,C,1,0,0,1,1,HNT,
4-Nov,4,C,1,0,0,0,0,HNT,
4-Nov,4,C,1,1,1,1,0,HNT,
4-Nov,4,C,1,1,1,1,1,HNT,
4-Nov,18,C,1,0,0,1,0,HNT,
4-Nov,20,C,1,0,0,0,1,HNT,
4-Nov,20,C,1,1,1,0,0,HNT,
4-Nov,21,C,1,0,0,0,1,HNT,
4-Nov,22,C,1,1,1,1,1,HNT,
4-Nov,22,C,1,0,0,1,1,HNT,
4-Nov,22,C,1,1,1,0,0,HNT,
4-Nov,22,C,1,1,1,0,1,HNT,
4-Nov,24,C,1,0,0,0,1,HNT,
4-Nov,24,C,1,1,1,0,1,HNT,
4-Nov,24,C,2,1,1,1,1,HNT,
5-Nov,2,C,1,1,1,0,1,NRR,
5-Nov,2,C,2,0,0,1,1,NRR,
5-Nov,2,C,1,1,1,1,1,NRR,
5-Nov,2,C,2,1,1,1,0,NRR,
5-Nov,5,C,2,0,0,0,1,NRR,
5-Nov,5,C,1,1,1,1,1,NRR,
5-Nov,5,C,1,0,1,1,0,NRR,
5-Nov,7,C,1,1,1,0,0,NRR,
5-Nov,7,C,1,0,0,1,0,NRR,
5-Nov,7,C,1,0,0,1,1,NRR,
5-Nov,7,C,2,1,1,1,0,NRR,
5-Nov,17,C,1,1,1,1,1,NRR,
5-Nov,17,C,1,1,1,0,1,NRR,
5-Nov,20,C,1,0,0,0,1,NRR,
5-Nov,20,C,1,1,1,0,0,NRR,
5-Nov,20,C,1,1,1,0,1,NRR,
5-Nov,20,C,1,0,0,1,1,NRR,
5-Nov,20,C,1,1,1,1,1,NRR,
5-Nov,20,C,2,0,1,1,1,NRR,
5-Nov,22,C,1,1,1,1,1,NRR,
5-Nov,22,C,1,0,0,1,0,NRR,
5-Nov,22,C,1,0,0,1,1,NRR,
5-Nov,31,C,1,0,0,0,1,NRR,
5-Nov,31,C,1,1,1,0,0,NRR,
5-Nov,34,C,1,0,0,0,1,NRR,
5-Nov,35,C,1,1,1,0,0,NRR,
5-Nov,35,C,1,0,1,0,1,NRR,
5-Nov,35,C,3,0,0,1,1,NRR,
5-Nov,35,C,2,0,1,1,1,NRR,
5-Nov,35,C,1,0,0,1,0,NRR,
5-Nov,44,C,1,1,1,1,1,NRR,
5-Nov,44,C,1,0,0,1,0,NRR,
5-Nov,44,C,1,1,1,1,0,NRR,
5-Nov,1,C,1,1,1,1,1,NRR,
5-Nov,1,C,1,1,1,1,0,NRR,
5-Nov,1,C,1,0,0,1,0,NRR,
5-Nov,6,C,1,1,1,1,1,NRR,
5-Nov,9,C,1,1,1,0,0,NRR,
5-Nov,10,C,1,0,0,0,1,NRR,
5-Nov,12,C,1,0,0,1,0,NRR,
5-Nov,13,C,2,0,0,0,1,NRR,
5-Nov,15,C,2,0,0,1,1,NRR,
5-Nov,16,C,1,1,1,1,0,NRR,
5-Nov,17,C,1,0,0,1,1,NRR,
5-Nov,18,C,1,1,1,0,0,NRR,
5-Nov,18,C,1,0,0,1,0,NRR,
5-Nov,20,C,1,0,0,0,1,NRR,
5-Nov,20,C,1,0,0,1,1,NRR,
5-Nov,20,C,1,1,1,1,1,NRR,
5-Nov,20,C,1,0,0,1,0,NRR,
5-Nov,21,C,2,0,0,0,1,NRR,
5-Nov,22,C,1,0,0,0,1,NRR,
5-Nov,23,C,1,0,0,0,1,NRR,
5-Nov,23,C,1,1,1,1,0,NRR,
5-Nov,24,C,1,1,1,0,1,NRR,
5-Nov,26,C,1,0,0,0,1,NRR,
5-Nov,26,C,1,0,0,1,1,NRR,
5-Nov,30,C,1,0,0,1,1,NRR,
5-Nov,30,C,1,1,1,1,1,NRR,
5-Nov,30,C,1,1,1,1,0,NRR,
5-Nov,41,C,1,0,0,0,1,NRR,
5-Nov,44,C,1,0,0,0,1,NRR,
5-Nov,48,C,1,0,0,0,1,NRR,
5-Nov,48,B,2,1,1,1,1,UHA ,
5-Nov,48,B,1,0,0,1,1,UHA ,
5-Nov,48,B,2,0,0,0,1,UHA ,
5-Nov,48,B,1,1,1,0,1,UHA ,
5-Nov,48,B,1,0,0,0,0,UHA ,
5-Nov,16,D,1,1,1,0,1,UHA ,
5-Nov,16,D,1,0,1,0,1,UHA ,
5-Nov,16,D,2,0,0,0,0,UHA ,
5-Nov,16,D,2,0,0,0,1,UHA ,
5-Nov,3,B,0,0,0,0,0,UHA ,
5-Nov,5,B,1,0,0,0,0,UHA ,
5-Nov,5,B,1,0,0,0,1,UHA ,
5-Nov,6,B,1,1,1,1,1,UHA ,
5-Nov,6,B,1,0,0,0,1,UHA ,
5-Nov,7,B,1,1,1,1,1,UHA ,
5-Nov,7,B,1,0,0,0,0,UHA ,
5-Nov,9,B,1,1,1,0,0,UHA ,
5-Nov,9,B,1,0,0,0,0,UHA ,
5-Nov,9,B,1,0,0,0,1,UHA ,
5-Nov,15,B,1,0,1,0,1,UHA ,
5-Nov,15,B,2,0,0,0,0,UHA ,
5-Nov,16,B,1,1,1,1,1,UHA ,
5-Nov,16,B,2,0,0,0,0,UHA ,
5-Nov,18,B,1,0,0,1,0,UHA ,
5-Nov,18,B,3,0,0,0,1,UHA ,
5-Nov,18,B,3,0,0,0,0,UHA ,
5-Nov,18,B,2,1,1,1,1,UHA ,
5-Nov,18,B,3,1,1,1,0,UHA ,
5-Nov,18,B,1,0,0,1,0,UHA ,
5-Nov,18,B,2,0,0,1,1,UHA ,
5-Nov,21,B,3,0,0,0,1,UHA ,
5-Nov,41,B,1,1,1,1,0,UHA ,
5-Nov,41,B,1,0,1,1,0,UHA ,
5-Nov,41,B,1,0,0,1,1,UHA ,
5-Nov,32,B,1,1,1,1,1,UHA ,
5-Nov,32,B,1,0,0,0,0,UHA ,
5-Nov,32,B,1,0,1,0,0,UHA ,
5-Nov,31,B,2,1,1,1,1,UHA ,
5-Nov,31,B,1,0,0,0,0,UHA ,
5-Nov,31,B,1,0,0,0,1,UHA ,
5-Nov,31,B,1,0,0,1,1,UHA ,
5-Nov,31,B,1,1,1,0,0,UHA ,
5-Nov,30,B,2,0,0,0,0,UHA ,
5-Nov,30,B,1,1,1,1,0,UHA ,
5-Nov,30,B,1,1,1,1,1,UHA ,
5-Nov,30,B,1,0,0,0,1,UHA ,
5-Nov,30,B,2,0,0,0,0,UHA ,
5-Nov,37,B,1,1,1,1,0,UHA ,
5-Nov,37,B,1,0,0,0,1,UHA ,
5-Nov,37,B,3,0,0,0,0,UHA ,
5-Nov,39,B,1,0,0,0,1,UHA ,
5-Nov,39,B,1,0,0,0,0,UHA ,
5-Nov,25,B,1,1,1,1,1,UHA ,
5-Nov,25,B,1,0,0,1,1,UHA ,
5-Nov,25,B,1,0,0,1,0,UHA ,
5-Nov,22,B,2,0,0,0,1,UHA ,
5-Nov,22,B,3,0,0,0,0,UHA ,
5-Nov,49,B,1,0,0,1,1,UHA ,
5-Nov,49,B,2,1,1,1,1,UHA ,
5-Nov,49,B,3,0,0,0,0,UHA ,
6-Nov,1,D,4,0,0,0,0,AFB,
6-Nov,2,D,2,1,1,1,1,AFB,
6-Nov,2,D,1,1,1,1,0,AFB,
6-Nov,2,D,1,0,0,1,0,AFB,
6-Nov,25,D,1,1,1,1,1,AFB,
6-Nov,30,D,2,0,0,0,0,AFB,
6-Nov,30,D,1,1,1,0,1,AFB,
6-Nov,30,D,2,1,1,1,0,AFB,
6-Nov,30,D,2,0,0,1,0,AFB,
6-Nov,31,D,2,0,0,1,1,AFB,
6-Nov,31,D,1,1,1,1,0,AFB,
6-Nov,16,D,1,0,0,0,0,AFB,
6-Nov,16,D,1,0,0,0,1,AFB,
6-Nov,44,D,2,0,0,0,0,AFB,
6-Nov,44,D,2,1,1,0,0,AFB,
6-Nov,44,D,1,1,1,0,1,AFB,
6-Nov,44,D,5,0,0,0,1,AFB,
6-Nov,44,D,2,1,1,1,1,AFB,
6-Nov,44,D,4,0,0,1,0,AFB,
6-Nov,17,D,1,0,0,0,0,AFB,
6-Nov,17,D,1,0,0,1,0,AFB,
6-Nov,17,D,1,1,1,1,0,AFB,
6-Nov,45,D,1,0,0,0,0,AFB,
6-Nov,45,D,1,0,0,0,1,AFB,
6-Nov,45,D,2,0,0,1,1,AFB,
6-Nov,18,D,3,1,1,0,0,AFB,
6-Nov,18,D,1,0,0,0,0,AFB,
6-Nov,18,D,1,0,0,0,1,AFB,
6-Nov,18,D,1,0,0,1,0,AFB,
6-Nov,20,D,2,0,0,0,0,AFB,
6-Nov,20,D,1,1,1,0,0,AFB,
6-Nov,22,D,1,1,1,0,1,AFB,
6-Nov,22,D,1,1,1,0,0,AFB,
6-Nov,22,D,1,1,1,1,1,AFB,
6-Nov,23,D,3,0,0,0,0,AFB,
6-Nov,23,D,1,0,0,0,1,AFB,
6-Nov,23,D,1,1,1,0,0,AFB,
6-Nov,23,D,1,1,1,1,1,AFB,
6-Nov,23,D,1,1,1,1,0,AFB,
6-Nov,2,C,1,1,1,1,1,AFB,
6-Nov,2,C,1,0,0,1,1,AFB,
6-Nov,5,C,1,0,0,0,0,AFB,
6-Nov,5,C,1,0,0,1,1,AFB,
6-Nov,16,C,1,1,1,0,0,AFB,
6-Nov,16,C,1,0,0,0,1,AFB,
6-Nov,16,C,1,1,1,1,1,AFB,
6-Nov,17,C,2,1,1,1,0,AFB,
6-Nov,17,C,1,0,0,1,1,AFB,
6-Nov,17,C,1,0,0,0,1,AFB,
6-Nov,18,C,1,1,1,0,1,AFB,
6-Nov,18,C,2,1,1,1,0,AFB,
6-Nov,18,C,1,0,0,1,1,AFB,
6-Nov,18,C,1,1,1,1,1,AFB,
6-Nov,19,C,1,0,0,1,0,AFB,
6-Nov,31,C,3,0,0,0,0,AFB,
6-Nov,31,C,1,0,0,1,0,AFB,
6-Nov,35,C,1,0,0,1,0,AFB,
6-Nov,35,C,1,0,0,0,1,AFB,
7-Nov,30,D,2,0,0,0,0,AFB,
7-Nov,30,D,1,0,0,0,1,AFB,
7-Nov,13,D,1,1,1,1,1,AFB,
7-Nov,13,D,1,0,0,0,0,AFB,
7-Nov,22,D,1,0,0,0,0,AFB,
7-Nov,22,D,1,1,1,0,0,AFB,
7-Nov,22,D,1,1,1,1,0,AFB,
7-Nov,24,D,1,0,0,0,0,AFB,
7-Nov,24,D,1,0,0,0,1,AFB,
7-Nov,24,D,1,1,1,1,0,AFB,
7-Nov,24,D,1,0,0,1,0,AFB,
7-Nov,49,C,1,0,0,0,0,AFB,
7-Nov,49,C,1,1,1,1,1,AFB,
7-Nov,44,C,1,0,0,0,1,AFB,
7-Nov,44,C,1,0,0,1,1,AFB,
7-Nov,20,C,1,1,1,1,1,AFB,
7-Nov,20,C,1,0,0,1,0,AFB,
7-Nov,20,C,1,0,0,0,1,AFB,
8-Nov,1,C,2,0,0,1,0,NRR,
8-Nov,2,C,1,0,0,0,1,NRR,
8-Nov,2,C,3,0,0,1,1,NRR,
8-Nov,5,C,1,0,0,1,1,NRR,
8-Nov,5,C,1,0,0,1,0,NRR,
8-Nov,6,C,2,0,0,0,1,NRR,
8-Nov,6,C,1,0,0,1,1,NRR,
8-Nov,6,C,1,0,0,1,0,NRR,
8-Nov,7,C,2,1,1,0,1,NRR,
8-Nov,7,C,2,0,0,1,1,NRR,
8-Nov,7,C,1,1,1,1,0,NRR,
8-Nov,8,C,1,0,1,0,1,NRR,
8-Nov,18,C,1,0,0,1,1,NRR,
8-Nov,20,C,1,1,1,0,0,NRR,
8-Nov,31,C,1,0,0,0,1,NRR,
8-Nov,31,C,1,1,1,0,0,NRR,
8-Nov,31,C,1,0,0,1,1,NRR,
8-Nov,31,C,1,1,1,1,0,NRR,
8-Nov,17,C,1,1,1,0,1,NRR,
8-Nov,17,C,1,0,0,1,0,NRR,
8-Nov,17,C,1,1,1,1,0,NRR,
8-Nov,17,C,1,1,1,1,1,NRR,
8-Nov,35,C,1,0,0,0,1,NRR,
8-Nov,35,C,2,0,0,1,0,NRR,
8-Nov,35,C,1,1,1,1,0,NRR,
8-Nov,45,C,1,0,0,1,1,NRR,
8-Nov,45,C,1,1,1,1,1,NRR,
8-Nov,31,D,2,0,0,0,1,NRR,
8-Nov,31,D,2,0,0,1,0,NRR,
8-Nov,36,D,2,0,0,0,1,NRR,
8-Nov,44,D,1,0,0,0,1,NRR,
8-Nov,44,D,1,1,1,1,0,NRR,
8-Nov,17,D,1,1,1,1,1,NRR,
8-Nov,17,D,1,0,0,0,1,NRR,
8-Nov,17,D,1,0,0,1,1,NRR,
8-Nov,18,D,1,1,1,0,0,NRR,
8-Nov,18,D,1,0,0,1,0,NRR,
8-Nov,18,D,1,1,1,1,1,NRR,
8-Nov,13,D,1,1,1,0,0,NRR,
8-Nov,13,D,1,1,1,1,0,NRR,
8-Nov,20,D,1,1,1,0,0,NRR,
8-Nov,20,D,1,1,1,1,1,NRR,
8-Nov,20,D,1,1,1,1,0,NRR,
8-Nov,20,D,1,0,0,1,0,NRR,
8-Nov,22,D,1,0,0,1,1,NRR,
8-Nov,23,C,1,1,1,0,1,NRR,
8-Nov,23,C,1,0,0,1,1,NRR,
8-Nov,25,C,2,0,0,0,1,NRR,
8-Nov,25,C,2,1,1,1,1,NRR,
8-Nov,25,C,2,1,1,1,0,NRR,
8-Nov,25,C,2,0,0,1,1,NRR,
8-Nov,30,C,1,0,0,0,1,NRR,
8-Nov,30,C,1,0,0,1,1,NRR,
8-Nov,30,C,2,1,1,1,1,NRR,
8-Nov,31,C,1,0,0,0,1,NRR,
8-Nov,31,C,1,0,0,1,1,NRR,
8-Nov,31,C,1,1,1,1,1,NRR,
8-Nov,31,C,1,1,1,1,0,NRR,
9-Nov,10,C,1,1,1,1,1,NRR,
9-Nov,10,C,1,1,1,0,0,NRR,
9-Nov,10,C,1,1,1,1,0,NRR,
9-Nov,45,C,1,0,0,1,0,NRR,
9-Nov,31,C,1,1,1,0,0,NRR,
9-Nov,31,C,1,1,1,1,0,NRR,
9-Nov,7,C,1,0,0,0,1,NRR,
9-Nov,17,D,1,1,1,0,1,NRR,
9-Nov,17,D,1,0,0,0,1,NRR,
9-Nov,31,D,1,1,1,1,1,NRR,
9-Nov,31,D,1,1,1,1,0,NRR,
9-Nov,16,D,1,0,0,1,0,NRR,
9-Nov,16,D,1,0,0,0,1,NRR,
9-Nov,20,D,1,0,1,1,0,NRR,
9-Nov,20,D,1,0,0,1,0,NRR,
9-Nov,20,D,1,0,0,0,1,NRR,
9-Nov,13,D,1,0,0,1,1,NRR,
9-Nov,13,D,1,0,0,0,1,NRR,
9-Nov,18,D,1,0,0,0,1,NRR,
9-Nov,18,D,1,0,0,1,1,NRR,
9-Nov,22,D,2,0,0,0,1,NRR,
9-Nov,31,D,1,1,1,0,0,NRR,
9-Nov,31,D,1,0,0,1,0,NRR,
9-Nov,31,D,2,1,1,1,1,NRR,
9-Nov,20,D,1,1,1,0,0,NRR,
9-Nov,20,D,3,1,1,1,1,NRR,
9-Nov,17,D,1,0,0,1,0,NRR,
9-Nov,17,D,1,1,1,0,0,NRR,
9-Nov,17,D,1,0,0,0,1,NRR,
9-Nov,17,D,1,1,1,0,1,NRR,
9-Nov,31,D,1,1,1,0,1,NRR,
9-Nov,31,D,1,1,1,1,1,NRR,
9-Nov,1,D,1,0,0,1,0,NRR,
9-Nov,2,D,1,0,0,1,0,NRR,
9-Nov,5,D,1,1,1,0,1,NRR,
9-Nov,5,D,2,0,1,1,1,NRR,
9-Nov,8,D,2,0,0,1,0,NRR,
9-Nov,9,D,1,0,0,0,1,NRR,
9-Nov,15,D,1,0,0,0,1,NRR,
9-Nov,15,D,1,0,0,1,1,NRR,
9-Nov,16,D,1,0,0,0,1,NRR,
9-Nov,16,D,1,0,0,1,1,NRR,
9-Nov,16,D,1,1,1,1,1,NRR,
9-Nov,16,D,1,1,1,1,0,NRR,
9-Nov,17,D,1,0,0,0,1,NRR,
9-Nov,17,D,1,1,1,0,0,NRR,
9-Nov,17,D,1,1,1,0,1,NRR,
9-Nov,17,D,1,0,0,1,1,NRR,
9-Nov,17,D,1,1,1,1,1,NRR,
9-Nov,17,D,3,1,1,1,0,NRR,
9-Nov,19,D,1,0,0,1,1,NRR,
9-Nov,19,D,1,1,1,1,0,NRR,
9-Nov,20,D,1,0,0,1,1,NRR,
9-Nov,20,D,1,1,1,1,1,NRR,
9-Nov,20,D,1,1,1,1,0,NRR,
9-Nov,18,D,1,0,0,1,0,NRR,
9-Nov,18,D,1,1,1,0,1,NRR,
9-Nov,18,D,1,0,0,0,1,NRR,
9-Nov,21,D,1,0,0,1,0,NRR,
9-Nov,22,D,1,0,0,0,1,NRR,
9-Nov,22,D,2,1,1,1,1,NRR,
9-Nov,22,D,2,1,1,1,0,NRR,
9-Nov,25,D,1,1,1,0,1,NRR,
9-Nov,25,D,1,0,0,0,1,NRR,
9-Nov,25,D,1,0,0,1,1,NRR,
9-Nov,26,D,1,0,0,0,1,NRR,
9-Nov,30,D,1,0,0,0,1,NRR,
9-Nov,30,D,1,0,0,1,0,NRR,
9-Nov,30,D,1,1,1,1,1,NRR,
9-Nov,30,D,1,0,0,1,1,NRR,
9-Nov,30,D,1,0,1,1,0,NRR,
9-Nov,30,D,1,1,1,1,0,NRR,
9-Nov,31,D,1,0,0,1,0,NRR,
9-Nov,31,D,1,0,0,1,1,NRR,
9-Nov,35,D,1,0,0,0,1,NRR,
9-Nov,37,D,1,1,1,0,0,NRR,
9-Nov,37,D,1,0,1,1,0,NRR,
9-Nov,38,D,1,1,1,1,1,NRR,
9-Nov,39,D,1,0,0,0,1,NRR,
9-Nov,39,D,1,1,1,1,1,NRR,
9-Nov,43,D,1,1,1,1,0,NRR,
9-Nov,44,D,3,0,0,0,1,NRR,
9-Nov,44,D,1,1,1,0,1,NRR,
9-Nov,44,D,5,1,1,1,1,NRR,
9-Nov,44,D,2,1,1,1,0,NRR,
9-Nov,44,D,2,0,0,1,1,NRR,
9-Nov,49,D,1,0,0,0,1,NRR,
9-Nov,49,D,1,0,0,1,0,NRR,
9-Nov,49,D,1,1,1,1,1,NRR,
9-Nov,48,D,1,0,0,0,1,NRR,
12-Nov,5,D,1,1,1,0,0,AFB,
12-Nov,5,D,1,0,0,0,0,AFB,
12-Nov,13,D,1,1,1,0,1,AFB,
12-Nov,13,D,1,0,0,0,0,AFB,
12-Nov,17,D,1,0,0,0,1,AFB,
12-Nov,17,D,1,0,0,0,0,AFB,
12-Nov,16,D,1,0,0,0,0,AFB,
12-Nov,16,D,1,1,1,1,0,AFB,
12-Nov,20,D,2,0,0,0,0,AFB,
12-Nov,31,D,1,1,1,1,0,AFB,
12-Nov,44,D,1,1,1,1,0,AFB,
12-Nov,44,D,2,1,1,1,1,AFB,
12-Nov,44,D,1,0,0,1,1,AFB,
12-Nov,44,D,1,0,0,1,0,AFB,
