Vial,Day,Numbfemales,Date,Initials,Notes
14,V,16,26/10,UHA,
13,V,3,26/10,UHA,
11,V,11,26/10,UHA,
9,V,15,26/10,UHA,
8,V,16,26/10,UHA,
6,V,14,26/10,UHA,
5,V,8,26/10,UHA,
2,V,18,26/10,AKT,
3,V,5,26/10,AKT,
4,V,16,26/10,AKT,
19,V,15,26/10,AKT,
18,V,10,26/10,AKT,
20,V,16,26/10,AKT,
21,V,5,26/10,AKT,
23,V,6,26/10,AKT,
26,V,7,26/10,AKT,
9,V,12,27/10,UHA,
8,V,10,27/10,UHA,
6,V,15,27/10,UHA,
5,V,20,27/10,UHA,
4,V,22,27/10,UHA,
3,V,5,27/10,UHA,
2,V,18,27/10,UHA,
11,V,15,27/10,UHA,
14,V,5,27/10,UHA,
19,V,2,27/10,UHA,
20,V,10,27/10,UHA,
21,V,1,27/10,UHA,
22,V,10,27/10,UHA,
23,V,3,27/10,UHA,
25,V,9,27/10,UHA,
47,V,16,27/10,AKT,
42,V,7,27/10,AKT,
41,V,13,27/10,AKT,
39,V,8,27/10,AKT,
38,V,6,27/10,AKT,
34,V,18,27/10,AKT,
33,V,12,27/10,AKT,
29,V,6,27/10,AKT,
26,V,6,27/10,AKT,
60,V,12,27/10,AKT,
49,V,4,27/10,AKT,
53,V,10,27/10,AKT,
54,V,11,27/10,AKT,
55,V,11,27/10,AKT,
56,V,11,27/10,AKT,
8,V,12,27/10,AKT,
21,V,15,27/10,AKT,
23,V,26,27/10,AKT,
6,V,19,27/10,AKT,
15,V,7,27/10,AKT,
11,V,10,27/10,AKT,
5,V,10,27/10,AKT,
13,V,10,27/10,AKT,
9,V,6,27/10,AKT,
19,V,25,27/10,AKT,
4,V,9,27/10,AKT,
11,V,9,28/10,HNT,
24,V,7,28/10,HNT,
14,V,14,28/10,HNT,
23,V,7,28/10,HNT,
13,V,13,28/10,HNT,
2,V,10,28/10,UHA,
4,V,13,28/10,UHA,
5,V,2,28/10,UHA,
8,V,19,28/10,UHA,
32,V,2,28/10,UHA,
30,V,11,28/10,UHA,over 20 dead flies
29,V,5,28/10,UHA,
28,V,19,28/10,UHA,10 dead flies
26,V,17,28/10,UHA,
25,V,15,28/10,UHA,
47,V,22,28/10,UHA,
45,V,8,28/10,UHA,
42,V,13,28/10,UHA,
11,V,3,28/10,UHA,
20,V,5,28/10,UHA,
23,V,3,28/10,UHA,
9,V,11,28/10,UHA,
33,V,5,28/10,UHA,
37,V,13,28/10,UHA,
34,V,8,28/10,UHA,
39,V,17,28/10,UHA,
38,V,20,28/10,UHA,
41,V,5,28/10,UHA,
40,V,5,28/10,UHA,
64,V,7,28/10,UHA,
84,V,6,28/10,UHA,
68,V,12,28/10,UHA,
65,V,6,28/10,UHA,
69,V,3,28/10,UHA,
85,V,6,28/10,UHA,
63,V,13,28/10,UHA,
60,V,12,28/10,UHA,
60,V,29,28/10,UHA,
57,V,3,28/10,UHA,
56,V,8,28/10,UHA,
55,V,5,28/10,UHA,
54,V,7,28/10,UHA,over 20 flies are dead
53,V,5,28/10,UHA,
52,V,8,28/10,UHA,
15,W,0,28/10,ABK,3 dead
13,W,1,28/10,ABK,1 dead
11,W,1,28/10,ABK,2 dead
9,W,0,28/10,ABK,
8,W,1,28/10,ABK,3 dead
6,W,5,28/10,ABK,12 dead
5,W,1,28/10,ABK,4 dead
4,W,3,28/10,ABK,3 dead
2,W,4,28/10,ABK,1 dead
47,W,8,28/10,ABK,
45,W,10,28/10,ABK,2 dead
42,W,7,28/10,ABK,
38,W,5,28/10,ABK,
35,W,10,28/10,ABK,
41,W,14,28/10,ABK,
33,W,9,28/10,ABK,1 dead
57,W,6,28/10,ABK,
63,W,8,28/10,ABK,
19,W,6,29/10,ABK,
56,W,13,29/10,ABK,
52,W,6,29/10,ABK,
21,W,1,29/10,ABK,
23,W,5,29/10,ABK,
54,W,12,29/10,ABK,
49,W,3,29/10,ABK,
25,W,4,29/10,ABK,
26,W,4,29/10,ABK,
34,W,6,29/10,ABK,
37,W,5,29/10,ABK,
32,W,5,29/10,ABK,
52,V,3,30/10,UHA,
31,V,1,30/10,UHA,
70,V,2,30/10,UHA,
71,V,1,30/10,UHA,
92,V,15,30/10,UHA,
72,V,1,30/10,UHA,
73,V,2,30/10,UHA,
89,V,3,30/10,UHA,
103,V,5,30/10,UHA,
97,V,15,30/10,UHA,
91,V,12,30/10,UHA,
93,V,10,30/10,UHA,
84,V,15,30/10,UHA,
76,V,3,30/10,UHA,
86,V,19,30/10,UHA,
104,V,15,30/10,UHA,
116,V,17,30/10,UHA,
121,V,18,30/10,UHA,
113,V,23,30/10,UHA,
101,V,1,30/10,UHA,
104,V,2,30/10,UHA,
108,V,1,30/10,UHA,
112,V,10,30/10,UHA,
128,V,5,30/10,UHA,
109,V,8,30/10,UHA,
121,V,13,30/10,UHA,
92,V,15,30/10,UHA,
120,V,12,30/10,UHA,
118,V,6,30/10,UHA,
73,W,1,30/10,UHA,
25,W,5,30/10,UHA,10 files dead
42,W,5,30/10,UHA,
33,W,3,30/10,UHA,
101,W,12,30/10,UHA,
84,W,1,30/10,UHA,
74,W,3,30/10,UHA,
35,W,5,30/10,UHA,
64,W,8,30/10,UHA,
41,W,0,30/10,UHA,10 dead flies
103,W,6,30/10,UHA,
37,X,20,30/10,KEW,
54,X,19,30/10,KEW,
29,X,14,30/10,KEW,
6,X,0,30/10,KEW,
4,X,2,30/10,KEW,
56,X,6,30/10,KEW,
5,X,14,30/10,KEW,
58,X,8,30/10,KEW,
8,X,5,30/10,KEW,
11,X,11,30/10,KEW,
58,Y,3,30/10,UHA,
23,Y,4,30/10,UHA,
2,Y,3,30/10,UHA,
25,Y,12,30/10,UHA,
3,Y,3,30/10,UHA,
4,Y,10,30/10,UHA,20 dead flies
33,Y,7,30/10,UHA,
83,Y,6,30/10,UHA,
56,Y,13,30/10,UHA,
13,Y,8,30/10,UHA,10 dead flies
47,Y,4,30/10,UHA,
19,Y,15,30/10,UHA,
8,Y,12,30/10,UHA,10 dead flies
21,Y,10,,UHA,
9,Y,10,,UHA,
34,W,5,,UHA,
39,W,10,,UHA,
28,W,5,,UHA,
9,W,5,,UHA,
47,W,7,,UHA,
41,W,8,,UHA,
40,X,13,,HNT,
55,X,4,,HNT,
38,X,7,,HNT,
25,X,6,,HNT,
28,X,17,,HNT,
9,X,15,,HNT,
28,X,6,,HNT,
30,X,11,,HNT,
30,X,17,,HNT,
62,X,13,,HNT,
98,V,2,,HNT,
108,V,13,,HNT,
108,V,10,,HNT,
115,V,3,,HNT,
115,V,18,,HNT,
113,V,12,,HNT,
124,V,2,,UHA,
123,V,7,,UHA,
128,V,18,,UHA,
125,V,10,,UHA,
129,V,2,,UHA,
118,V,5,,UHA,
115,V,3,,UHA,
76,V,10,,UHA,20 dead flies
113,V,12,,UHA,
84,V,8,,UHA,
112,W,10,,ABK,2 dead
66,W,11,,ABK,
87,W,1,,ABK,
76,W,11,,ABK,17 dead
70,W,2,,ABK,1 dead
92,W,1,,ABK,2 dead
89,W,9,,ABK,6 dead
101,W,4,,ABK,6 dead
103,W,4,,ABK,1 dead
108,W,12,,ABK,1 dead
56,W,6,,ABK,4 dead
121,W,12,,ABK,
118,W,6,,ABK,
85,X,7,31/10,HNT,
8,X,1,31/10,HNT,
9,X,4,31/10,HNT,
19,X,1,31/10,HNT,
28,X,1,31/10,HNT,
30,X,11,31/10,HNT,
33,X,1,31/10,HNT,
37,X,9,31/10,HNT,
38,X,2,31/10,HNT,
40,X,13,31/10,HNT,
47,X,1,31/10,HNT,
53,X,2,31/10,HNT,
54,X,2,31/10,HNT,
56,X,1,31/10,HNT,
58,X,2,31/10,HNT,
42,Y,1,31/10,UHA,
8,Y,3,31/10,UHA,
9,Y,1,31/10,UHA,
11,Y,3,31/10,UHA,
30,Y,5,31/10,UHA,
33,Y,5,31/10,UHA,
39,Y,4,31/10,UHA,
10,Y,9,31/10,UHA,
13,Y,1,31/10,UHA,
34,Y,3,31/10,UHA,
25,Y,8,31/10,UHA,
37,Y,5,31/10,UHA,
28,Y,13,31/10,UHA,
60,X,3,31/10,KEW,
62,X,17,31/10,KEW,
64,X,6,31/10,KEW,
65,X,10,31/10,KEW,
66,X,9,31/10,KEW,
67,X,11,31/10,KEW,
68,X,4,31/10,KEW,
69,X,5,31/10,KEW,
70,X,15,31/10,KEW,
72,X,15,31/10,KEW,
73,X,15,31/10,KEW,
74,X,15,31/10,KEW,
75,X,19,31/10,KEW,
76,X,15,31/10,KEW,
77,X,10,31/10,KEW,
78,X,5,31/10,KEW,
82,X,6,31/10,KEW,
84,X,21,31/10,KEW,
104,X,6,1/11,HNT,
117,X,7,1/11,HNT,
77,X,5,1/11,HNT,
85,X,1,1/11,HNT,
87,X,10,1/11,HNT,
91,X,8,1/11,HNT,
92,X,6,1/11,HNT,
96,X,20,1/11,HNT,
98,X,26,1/11,HNT,
101,X,4,1/11,HNT,
127,X,5,1/11,HNT,
122,X,10,1/11,HNT,
65,X,11,1/11,HNT,
9,X,2,1/11,HNT,
30,X,2,1/11,HNT,
4,Z,14,31/10,ABK,
5,Z,24,31/10,ABK,6 dead
6,Z,25,31/10,ABK,2 dead
7,Z,5,31/10,ABK,
8,Z,11,31/10,ABK,2 dead
9,Z,14,31/10,ABK,5 dead
11,Z,16,31/10,ABK,3 dead
13,Z,22,31/10,ABK,3 dead
14,Z,12,31/10,ABK,5 dead
15,Z,12,31/10,ABK,7 dead
19,Z,18,31/10,ABK,8 dead
25,Z,6,31/10,ABK,
20,Z,10,31/10,ABK,6 dead
21,Z,17,31/10,ABK,9 dead
23,Z,15,31/10,ABK,5 dead
24,Z,22,31/10,ABK,8 dead
91,W,2,1/11,ABK,2 dead
108,W,11,1/11,ABK,2 dead
109,W,4,1/11,ABK,1 dead
110,W,10,1/11,ABK,3 dead
111,W,18,1/11,ABK,1 dead
112,W,3,1/11,ABK,2 dead
113,W,18,1/11,ABK,
114,W,20,1/11,ABK,1 dead
116,W,8,1/11,ABK,2 dead
117,W,12,1/11,ABK,3 dead
118,W,13,1/11,ABK,7 dead
120,W,12,1/11,ABK,
121,W,6,1/11,ABK,3 dead
123,W,14,1/11,ABK,5 dead
127,W,18,1/11,ABK,4 dead
128,W,2,1/11,ABK,
87,W,1,1/11,ABK,1 dead
89,W,1,1/11,ABK,3 dead
25,Z,10,1/11,ABK,
24,Z,2,1/11,ABK,4 dead
21,Z,5,1/11,ABK,6 dead
37,Z,17,1/11,ABK,1 dead
33,Z,2,1/11,ABK,2 dead
5,Z,8,1/11,ABK,7 dead
20,Z,2,1/11,ABK,5 dead
6,Z,14,1/11,ABK,7 dead
23,Z,6,1/11,ABK,3 dead
9,Z,9,1/11,ABK,6 dead
65,Z,12,1/11,ABK,1 dead
47,Z,4,1/11,ABK,2 dead
11,Y,1,1/11,UHA,
6,Y,2,1/11,UHA,
8,Y,3,1/11,UHA,
13,Y,1,1/11,UHA,
20,Y,1,1/11,UHA,
25,Y,18,1/11,UHA,
28,Y,12,1/11,UHA,over 10 flies are dead
30,Y,10,1/11,UHA,
76,Y,8,1/11,UHA,
77,Y,10,1/11,UHA,
84,Y,12,1/11,UHA,
87,Y,5,1/11,UHA,
89,Y,5,1/11,UHA,
33,Y,1,1/11,UHA,
35,Y,3,1/11,UHA,
37,Y,2,1/11,UHA,
40,Y,2,1/11,UHA,
40,X,10,1/11,KEW,
58,X,3,1/11,KEW,
62,X,10,1/11,KEW,
64,X,10,1/11,KEW,
76,X,8,1/11,KEW,
75,X,4,1/11,KEW,
74,X,14,1/11,KEW,
73,X,11,1/11,KEW,
72,X,14,1/11,KEW,
70,X,7,1/11,KEW,
69,X,0,1/11,KEW,
67,X,9,1/11,KEW,
66,X,3,1/11,KEW,
84,X,10,1/11,KEW,
73,Y,3,1/11,NRR,
54,Y,10,1/11,NRR,
72,Y,15,1/11,NRR,
55,Y,7,1/11,NRR,
71,Y,7,1/11,NRR,
74,Y,9,1/11,NRR,
56,Y,8,1/11,NRR,
40,Y,15,1/11,NRR,
60,Y,13,1/11,NRR,
58,Y,10,1/11,NRR,
66,Y,18,1/11,NRR,
64,Y,14,1/11,NRR,
45,Y,1,1/11,NRR,
52,Y,7,1/11,NRR,
75,Y,7,1/11,NRR,
65,Y,15,1/11,NRR,
60,Y,0,1/11,NRR,
53,Y,7,1/11,NRR,
63,Y,10,1/11,NRR,
43,Y,3,1/11,NRR,
56,Z,15,2/11,UHA,
62,Z,23,2/11,UHA,
19,Z,17,2/11,UHA,
54,Z,15,2/11,UHA,
42,Z,12,2/11,UHA,
8,Z,8,2/11,UHA,
40,Z,10,2/11,UHA,
30,Z,18,2/11,UHA,
4,Z,8,2/11,UHA,
15,Z,7,2/11,UHA,
14,Z,19,2/11,UHA,
13,Z,15,2/11,UHA,
12,Z,0,2/11,UHA,
11,Z,6,2/11,UHA,
9,Z,5,2/11,UHA,
8,Z,12,2/11,UHA,
8,Z,19,2/11,UHA,
7,Z,3,2/11,UHA,
6,Z,8,2/11,UHA,
5,Z,10,2/11,UHA,
37,Z,8,2/11,UHA,
30,Z,4,2/11,UHA,
19,Z,10,2/11,UHA,
20,Z,1,2/11,UHA,
23,Z,0,2/11,UHA,
29,Z,2,2/11,UHA,
28,Z,3,2/11,UHA,
25,Z,2,2/11,UHA,
62,Z,0,2/11,UHA,
54,Z,1,2/11,UHA,
53,Z,2,2/11,UHA,
52,Z,5,2/11,UHA,
51,Z,6,2/11,UHA,
47,Z,1,2/11,UHA,
42,Z,4,2/11,UHA,
40,Z,5,2/11,UHA,
76,Z,10,2/11,UHA,
75,Z,8,2/11,UHA,
74,Z,5,2/11,UHA,
73,Z,1,2/11,UHA,
71,Z,2,2/11,UHA,
64,Z,2,2/11,UHA,
70,Z,5,2/11,UHA,
68,Z,3,2/11,UHA,
67,Z,15,2/11,UHA,
65,Z,13,2/11,UHA,
93,V,7,2/11,UHA,
89,V,5,2/11,UHA,
69,V,12,2/11,UHA,
115,V,10,2/11,UHA,
34,V,0,2/11,UHA,
30,V,5,2/11,UHA,15 dead flies
72,V,13,2/11,UHA,10 dead flies
103,V,10,2/11,UHA,
42,V,5,2/11,UHA,
71,V,10,2/11,UHA,10 dead flies
54,V,8,2/11,UHA,
68,V,10,2/11,UHA,
58,V,3,2/11,UHA,
72,V,13,2/11,UHA,
74,V,10,2/11,UHA,
73,V,2,2/11,UHA,
66,V,8,2/11,UHA,
77,V,13,2/11,UHA,
60,V,0,2/11,UHA,5 dead
75,V,4,2/11,UHA,
67,V,13,2/11,UHA,
85,V,8,2/11,UHA,
128,V,3,2/11,UHA,
87,V,12,2/11,UHA,
78,V,5,2/11,UHA,
86,V,12,2/11,UHA,
97,V,6,2/11,UHA,
41,V,1,2/11,UHA,
62,V,1,2/11,UHA,
29,V,1,2/11,UHA,
64,V,2,2/11,UHA,20 dead flies
62,V,1,2/11,UHA,20 dead 
63,V,5,2/11,UHA,
101,Y,6,2/11,UHA,
67,Y,5,2/11,UHA,
96,Y,9,2/11,UHA,
70,Y,18,2/11,UHA,
98,Y,9,2/11,UHA,
71,Y,10,2/11,UHA,
120,Y,9,2/11,UHA,
25,Y,0,2/11,UHA,
74,Y,3,2/11,UHA,
117,Y,4,2/11,UHA,
114,Y,14,2/11,UHA,
89,Y,17,2/11,UHA,
62,Y,10,2/11,UHA,
28,Y,3,2/11,UHA,
92,Y,18,2/11,UHA,
68,Y,5,2/11,UHA,
120,W,2,2/11,ABK,1 dead
122,W,4,2/11,ABK,1 dead
113,W,4,2/11,ABK,
111,W,6,2/11,ABK,2 dead
112,W,2,2/11,ABK,1 dead
108,W,3,2/11,ABK,1 dead
110,W,5,2/11,ABK,4 dead
114,W,15,2/11,ABK,7 dead
118,W,8,2/11,ABK,4 dead
127,W,6,2/11,ABK,
38,Z,2,3/11,ABK,
101,Z,21,3/11,ABK,
14,Z,6,3/11,ABK,
105,Z,6,3/11,ABK,
104,Z,19,3/11,ABK,
96,Z,24,3/11,ABK,
11,Z,12,3/11,ABK,
95,Z,3,3/11,ABK,
89,Z,8,3/11,ABK,
98,Z,23,3/11,ABK,
124,Z,6,3/11,ABK,
103,Z,19,3/11,ABK,
108,Z,5,3/11,ABK,
13,Z,13,3/11,ABK,
5,Z,7,3/11,ABK,
6,Z,1,3/11,ABK,2 dead
8,Z,2,3/11,ABK,
97,Z,6,3/11,ABK,
87,Z,9,3/11,ABK,
116,Z,5,3/11,ABK,
87,Y,5,2/11,NRR,0
84,Y,16,2/11,NRR,0
64,Y,2,2/11,NRR,0
75,Y,18,2/11,NRR,0
97,Y,10,2/11,NRR,0
30,Y,4,2/11,NRR,0
103,Y,20,2/11,NRR,0
65,Y,2,2/11,NRR,0
104,Y,18,2/11,NRR,0
121,Y,3,2/11,NRR,0
66,Y,3,2/11,NRR,0
108,Y,5,2/11,NRR,0
110,Y,14,2/11,NRR,0
73,Y,3,2/11,NRR,0
58,Y,1,2/11,NRR,0
105,Y,9,2/11,NRR,0
76,Y,16,2/11,NRR,0
125,Y,9,2/11,NRR,0
116,Y,8,2/11,NRR,0
72,Y,18,2/11,NRR,0
127,Y,7,2/11,NRR,0
91,Y,4,2/11,NRR,0
77,Y,2,2/11,NRR,0
9,Z,12,2/11,ABK,0
101,Z,9,2/11,ABK,0
98,Z,7,2/11,ABK,0
91,Z,8,2/11,ABK,0
89,Z,5,2/11,ABK,0
87,Z,11,2/11,ABK,0
84,Z,6,2/11,ABK,1 dead
82,Z,4,2/11,ABK,0
77,Z,21,2/11,ABK,0
98,X,10,2/11,ABK,2 dead
40,X,6,2/11,ABK,3 dead
70,X,5,2/11,ABK,1 dead
72,X,3,2/11,ABK,0
76,X,5,2/11,ABK,4 dead
67,X,5,2/11,ABK,3 dead
73,X,4,2/11,ABK,2 dead
64,X,4,2/11,ABK,1 dead
101,X,3,2/11,ABK,2 dead
84,X,3,2/11,ABK,1 dead
77,X,2,2/11,ABK,1 dead
45,X,4,2/11,ABK,1 dead
62,X,2,2/11,ABK,3 dead
75,X,1,2/11,ABK,1 dead
121,X,5,2/11,ABK,0
74,X,3,2/11,ABK,4 dead
70,Y,6,3/11,NRR,0
75,Y,4,3/11,NRR,0
84,Y,5,3/11,NRR,0
87,Y,2,3/11,NRR,0
111,Y,9,3/11,NRR,0
112,Y,12,3/11,NRR,0
120,Y,7,3/11,NRR,0
121,Y,19,3/11,NRR,0
123,Y,13,3/11,NRR,0
110,Y,17,3/11,NRR,0
122,Y,7,3/11,NRR,0
108,Y,11,3/11,NRR,0
105,Y,11,3/11,NRR,0
128,Y,8,3/11,NRR,0
118,Y,11,3/11,NRR,0
117,Y,15,3/11,NRR,0
116,Y,21,3/11,NRR,0
115,Y,4,3/11,NRR,0
104,Y,2,3/11,NRR,0
103,Y,2,3/11,NRR,0
89,Y,1,3/11,NRR,0
114,Y,7,3/11,NRR,0
113,Y,25,3/11,NRR,0
127,Y,8,3/11,NRR,0
125,Y,2,3/11,NRR,0
122,Z,9,3/11,ABK,0
125,Z,7,3/11,ABK,0
33,Z,1,3/11,ABK,0
123,Z,9,3/11,ABK,0
67,Z,12,3/11,ABK,0
101,X,0,4/11,KEW,0
105,X,7,4/11,KEW,0
108,X,7,4/11,KEW,0
111,X,5,4/11,KEW,0
115,X,8,4/11,KEW,0
117,X,3,4/11,KEW,0
121,X,8,4/11,KEW,0
123,X,5,3/11,UHA,0
114,X,18,3/11,UHA,0
108,X,26,3/11,UHA,0
65,X,0,3/11,UHA,0
67,X,2,3/11,UHA,0
105,X,22,3/11,UHA,0
113,X,17,3/11,UHA,0
76,X,1,3/11,UHA,0
112,X,5,3/11,UHA,0
103,X,29,3/11,UHA,0
120,X,5,3/11,UHA,0
87,X,2,3/11,UHA,0
101,X,15,3/11,UHA,0
111,X,17,3/11,UHA,0
38,X,0,3/11,UHA,4 dead
89,X,0,3/11,UHA,4 dead
120,X,23,3/11,UHA,0
128,X,28,3/11,UHA,0
92,X,2,3/11,UHA,0
118,X,22,3/11,UHA,0
128,X,18,3/11,UHA,0
127,X,10,3/11,UHA,0
125,X,13,3/11,UHA,0
97,X,5,3/11,UHA,0
117,X,15,3/11,UHA,0
97,X,2,3/11,UHA,0
104,X,3,3/11,UHA,0
124,X,5,3/11,UHA,0
98,X,2,3/11,UHA,0
115,X,28,3/11,UHA,0
109,X,7,3/11,UHA,0
116,X,5,3/11,UHA,0
122,X,13,3/11,UHA,0
121,X,15,3/11,UHA,0
103,X,2,4/11,KEW,0
120,X,6,4/11,KEW,0
122,X,2,4/11,KEW,0
108,X,10,4/11,KEW,0
105,X,1,4/11,KEW,0
112,X,4,4/11,KEW,0
114,X,11,4/11,KEW,0
118,X,7,4/11,KEW,0
113,X,0,4/11,KEW,0
125,X,3,4/11,KEW,0
128,X,1,4/11,KEW,0
30,X,3,4/11,KEW,0
110,Z,15,4/11,AFB,0
111,Z,18,4/11,AFB,0
112,Z,7,4/11,AFB,0
123,Z,15,4/11,AFB,0
114,Z,28,4/11,AFB,0
115,Z,21,4/11,AFB,0
117,Z,9,4/11,AFB,0
121,Z,8,4/11,AFB,0
109,Z,5,4/11,AFB,0
103,Z,6,4/11,AFB,0
101,Z,2,4/11,AFB,0
11,Z,4,4/11,AFB,0
117,Y,12,4/11,UHA,0
121,Y,5,4/11,UHA,0
118,Y,3,4/11,UHA,0
105,Y,2,4/11,UHA,0
108,Y,2,4/11,UHA,0
109,Y,1,4/11,UHA,0
122,Y,0,4/11,UHA,0
111,Y,3,4/11,UHA,0
123,Y,1,4/11,UHA,0
112,Y,3,4/11,UHA,0
124,Y,0,4/11,UHA,0
127,Y,3,4/11,UHA,0
113,Y,5,4/11,UHA,0
114,Y,8,4/11,UHA,0
115,Y,12,4/11,UHA,0
116,Y,15,4/11,UHA,0
12,Y,3,4/11,UHA,0
35,Y,7,4/11,UHA,0
110,Y,10,4/11,UHA,0
119,X,1,4/11,UHA,0
108,X,2,4/11,UHA,0
120,X,1,4/11,UHA,0
113,X,0,4/11,UHA,0
120,Z,30,4/11,ABK,0
9,Z,11,4/11,ABK,0
104,Z,1,4/11,ABK,4 dead
118,Z,27,4/11,ABK,1 dead
122,Z,3,4/11,ABK,0
116,Z,24,4/11,ABK,0
105,Z,21,4/11,ABK,0
96,Z,10,4/11,ABK,0
125,Z,8,4/11,ABK,2 dead
124,Z,2,4/11,ABK,0
98,Z,5,4/11,ABK,1 dead
128,Z,35,4/11,ABK,0
89,Z,1,4/11,ABK,1 dead
11,X,2,5/11,HNT,0
9,X,1,5/11,HNT,0
18,X,1,5/11,HNT,0
20,X,1,5/11,HNT,0
22,X,1,5/11,HNT,0
26,X,2,5/11,HNT,0
34,X,3,5/11,HNT,0
42,X,4,5/11,HNT,0
48,X,1,5/11,HNT,0
51,X,1,5/11,HNT,0
62,Y,1,5/11,NRR,0
71,Y,2,5/11,NRR,0
117,Y,1,5/11,NRR,0
128,Y,2,5/11,NRR,0
108,Y,2,5/11,NRR,0
128,Z,3,5/11,ABK,1 dead
110,Z,3,5/11,ABK,2 dead
120,Z,6,5/11,ABK,3 dead
111,Z,5,5/11,ABK,4 dead
11,Z,5,5/11,ABK,1 dead  
108,Z,2,5/11,ABK,1 dead
125,Z,3,5/11,ABK,3 dead
115,Z,11,5/11,ABK,2 dead
118,Z,8,5/11,ABK,4 dead
116,Z,1,5/11,ABK,3 dead
105,Z,1,5/11,ABK,0
13,Z,3,5/11,ABK,0
122,Z,1,5/11,ABK,2 dead
114,Z,1,5/11,ABK,5 dead
113,Z,1,5/11,ABK,2 dead
53,X,2,5/11,HNT,0
55,X,1,5/11,HNT,0
60,X,1,5/11,HNT,0
68,X,1,5/11,HNT,0
69,X,2,5/11,HNT,0
70,X,2,5/11,HNT,0
71,X,1,5/11,HNT,0
75,X,2,5/11,HNT,0
76,X,1,5/11,HNT,0
78,X,2,5/11,HNT,0
73,X,1,5/11,HNT,0
91,X,2,5/11,HNT,0
93,X,1,5/11,HNT,0
82,X,1,5/11,HNT,0
85,X,2,5/11,HNT,0
97,X,1,5/11,HNT,0
98,X,1,5/11,HNT,0
103,X,1,5/11,KEW,0
105,X,1,5/11,KEW,0
101,X,1,5/11,KEW,0
108,X,0,5/11,KEW,0
104,X,0,5/11,KEW,0
109,X,1,5/11,KEW,0
110,X,1,5/11,KEW,0
113,X,0,5/11,KEW,0
114,X,2,5/11,KEW,0
116,X,2,5/11,KEW,0
111,X,2,5/11,KEW,0
115,X,2,5/11,KEW,0
117,X,0,5/11,KEW,0
123,X,0,5/11,KEW,0
121,X,4,5/11,KEW,0
122,X,1,5/11,KEW,0
124,X,2,5/11,KEW,0
125,X,3,5/11,KEW,0
124,X,1,5/11,KEW,0
127,X,1,5/11,KEW,0
128,X,1,5/11,KEW,0
129,X,2,5/11,KEW,0
95,X,0,5/11,KEW,0
114,Z,1,6/11,KEW,0
8,Z,2,6/11,KEW,0
127,Z,1,6/11,KEW,0
118,Z,3,6/11,KEW,0
5,Z,0,6/11,KEW,0
9,Z,3,6/11,KEW,0
40,Z,3,6/11,KEW,0
82,Z,2,6/11,KEW,0
72,Z,1,6/11,KEW,0
66,Z,4,6/11,KEW,0
14,Z,3,6/11,KEW,0
120,Z,1,6/11,KEW,0
115,Z,3,6/11,KEW,0
116,Z,0,6/11,KEW,0
128,Z,1,6/11,KEW,0
36,Y,1,6/11,AFB,0
110,Y,1,6/11,AFB,0
112,Y,2,6/11,AFB,0
113,Y,1,6/11,AFB,0
5,Y,1,9/11,NRR,0
6,Y,1,9/11,NRR,0
24,Y,2,9/11,NRR,0
26,Y,1,9/11,NRR,0
32,Y,2,9/11,NRR,0
50,Y,1,9/11,NRR,0
51,Y,2,9/11,NRR,0
72,Y,1,9/11,NRR,0
73,Y,1,9/11,NRR,0
84,Y,1,9/11,NRR,0
93,Y,3,9/11,NRR,0
95,Y,1,9/11,NRR,0
96,Y,1,9/11,NRR,0
98,Y,1,9/11,NRR,0
121,Y,2,9/11,NRR,0
122,Y,1,9/11,NRR,0
129,Y,2,9/11,NRR,0
105,W,4,11/11,ABK,0
114,W,4,11/11,ABK,2 dead
40,W,4,11/11,ABK,0
115,W,2,11/11,ABK,1 dead
13,W,2,11/11,ABK,0
128,W,4,11/11,ABK,0
110,W,3,11/11,ABK,1 dead
29,W,2,11/11,ABK,0
111,W,1,11/11,ABK,1 dead
28,W,1,11/11,ABK,1 dead
98,W,2,11/11,ABK,2 dead
13,W,1,11/11,ABK,0
114,W,1,11/11,ABK,0
117,W,1,11/11,ABK,0
120,W,1,11/11,ABK,0
129,W,3,11/11,ABK,0
124,W,1,11/11,ABK,0
3,W,1,11/11,ABK,0
8,W,1,11/11,ABK,0
26,W,1,11/11,ABK,0
18,W,2,11/11,ABK,0
23,W,1,11/11,ABK,0
45,W,1,11/11,ABK,0
47,W,2,11/11,ABK,0
55,W,1,11/11,ABK,0
56,W,2,11/11,ABK,0
57,W,1,11/11,ABK,0
58,W,2,11/11,ABK,0
62,W,2,11/11,ABK,0
70,Y,1,7/11,AFB,0
84,Y,1,7/11,AFB,0
41,Y,3,7/11,AFB,0
56,Y,4,7/11,AFB,0
57,Y,2,7/11,AFB,0
69,Y,1,7/11,AFB,0
9,V,0,9/11,UHA,0
4,V,0,9/11,UHA,0
20,V,0,9/11,UHA,0
29,V,1,9/11,UHA,0
40,V,2,9/11,UHA,0
30,V,1,9/11,UHA,0
35,V,2,9/11,UHA,0
50,V,1,9/11,UHA,0
56,V,1,9/11,UHA,0
62,V,1,9/11,UHA,0
77,V,2,9/11,UHA,0
96,V,3,9/11,UHA,0
95,V,2,9/11,UHA,0
82,V,3,9/11,UHA,0
85,V,1,9/11,UHA,0
87,V,1,9/11,UHA,0
110,V,3,9/11,UHA,0
107,V,1,9/11,UHA,0
123,V,1,9/11,UHA,0
125,V,2,9/11,UHA,0
120,V,1,9/11,UHA,0
111,V,2,9/11,UHA,0
129,V,1,9/11,UHA,0
113,V,1,9/11,UHA,0
117,V,1,9/11,UHA,0
119,V,3,9/11,UHA,0
127,V,3,9/11,UHA,0
25,Y,0,8/11,NRR,0
48,Y,1,8/11,NRR,0
49,Y,2,8/11,NRR,0
26,Z,1,11/11,AFB,0
58,Z,3,11/11,AFB,0
29,Z,2,11/11,AFB,0
60,Z,2,11/11,AFB,0
96,Z,4,11/11,AFB,0
75,Z,2,11/11,AFB,0
28,Z,1,11/11,AFB,0
65,W,1,11/11,ABK,0
66,W,4,11/11,ABK,0
68,W,3,11/11,ABK,0
97,W,2,11/11,ABK,0
89,W,1,11/11,ABK,0
93,W,3,11/11,ABK,0
82,W,1,11/11,ABK,0
72,W,2,11/11,ABK,0
